index,subzone,zone,supersubzone
0,4692,1,4678
1,4696,1,4678
2,4726,1,4678
3,4711,1,4711
4,4678,1,4678
5,4751,1,4813
6,4748,1,4678
7,4750,1,4750
8,4813,1,4813
9,4856,1,4858
10,4854,1,4858
11,4859,1,4858
12,4858,1,4858
13,4861,1,4861
14,4868,1,4874
15,4869,1,4874
16,4872,1,4861
17,4874,1,4874
18,4743,10,4747
19,4744,10,4747
20,4780,10,4747
21,4787,10,4747
22,4747,10,4747
23,4828,10,4747
24,4830,10,4830
25,4849,10,4830
26,4864,10,4864
27,4866,10,4866
28,4875,10,4875
29,4879,10,4879
30,4880,10,4880
31,4873,10,4873
32,2436,100,2482
33,2447,100,2482
34,2448,100,2482
35,2446,100,2482
36,2457,100,2482
37,2461,100,2482
38,2473,100,2482
39,2482,100,2482
40,2990,100,2990
41,1099,101,2612
42,1103,101,2612
43,1105,101,2612
44,2620,101,2612
45,2678,101,2612
46,2696,101,2696
47,2737,101,2612
48,2738,101,2612
49,2743,101,2612
50,2744,101,2612
51,2750,101,2612
52,2828,101,2828
53,2840,101,2828
54,2847,101,2847
55,2612,101,2612
56,3002,101,2612
57,3005,101,2612
58,3012,101,2612
59,3017,101,2612
60,3170,101,3421
61,3176,101,3421
62,3284,101,3421
63,3292,101,3421
64,3421,101,3421
65,3462,101,3462
66,3480,101,3462
67,3485,101,3485
68,3558,101,3558
69,3535,101,3535
70,2412,102,2412
71,2433,102,2412
72,2443,102,2420
73,2449,102,2458
74,2454,102,2458
75,2450,102,2420
76,2408,102,2408
77,2463,102,2420
78,2458,102,2458
79,2480,102,2483
80,2420,102,2420
81,2485,102,2479
82,2477,102,2477
83,2478,102,2478
84,2479,102,2479
85,2483,102,2483
86,2492,102,2492
87,2520,102,2536
88,2529,102,2549
89,2553,102,2536
90,2536,102,2536
91,2574,102,2536
92,2575,102,2580
93,2549,102,2549
94,2602,102,2589
95,2581,102,2581
96,2624,102,2589
97,2614,102,2614
98,2631,102,2470
99,2580,102,2580
100,2664,102,2470
101,2666,102,2662
102,2682,102,2470
103,2713,102,2589
104,2589,102,2589
105,2706,102,2706
106,2732,102,2470
107,2736,102,2470
108,2739,102,2757
109,2734,102,2734
110,2741,102,2470
111,2745,102,2757
112,2470,102,2470
113,2759,102,2759
114,2757,102,2757
115,2662,102,2662
116,2782,102,2662
117,2793,102,2662
118,2806,102,2662
119,2957,102,2957
120,2992,102,2957
121,2981,102,2981
122,3020,103,3019
123,3023,103,3019
124,3060,103,3019
125,3127,103,3019
126,3136,103,3019
127,3168,103,3168
128,3180,103,3180
129,3363,103,3019
130,3369,103,3019
131,3019,103,3019
132,2562,104,2524
133,2498,104,2498
134,2764,104,2524
135,2722,104,2722
136,2827,104,2827
137,2859,104,2827
138,2839,104,2839
139,2869,104,2524
140,2870,104,2827
141,2985,104,2524
142,2988,104,2524
143,2524,104,2524
144,2537,105,2802
145,2506,105,2506
146,2548,105,2534
147,2552,105,2534
148,2557,105,2802
149,2560,105,2534
150,2555,105,2555
151,2578,105,2802
152,2567,105,2545
153,2588,105,2802
154,2545,105,2545
155,2600,105,2802
156,2601,105,2802
157,2606,105,2802
158,2607,105,2802
159,2616,105,2802
160,2617,105,2802
161,2621,105,2534
162,2630,105,2556
163,2636,105,2556
164,2556,105,2556
165,2650,105,2556
166,2697,105,2534
167,2763,105,2534
168,2791,105,2787
169,2798,105,2787
170,2787,105,2787
171,2808,105,2808
172,2801,105,2801
173,2811,105,2801
174,2812,105,2802
175,2857,105,2898
176,2860,105,2898
177,2534,105,2534
178,2959,105,2802
179,2961,105,2802
180,2979,105,2984
181,2993,105,2984
182,2995,105,2984
183,2984,105,2984
184,2802,105,2802
185,2898,105,2898
186,3031,105,2802
187,3036,105,2802
188,2533,106,2615
189,2561,106,2576
190,2565,106,2576
191,2590,106,2605
192,2591,106,2605
193,2595,106,2605
194,2596,106,2605
195,2608,106,2605
196,2609,106,2605
197,2610,106,2605
198,2604,106,2605
199,2625,106,2698
200,2626,106,2698
201,2633,106,2698
202,2640,106,2698
203,2680,106,2698
204,2681,106,2698
205,2576,106,2576
206,2683,106,2698
207,2615,106,2615
208,2687,106,2698
209,2690,106,2698
210,2693,106,2698
211,2702,106,2698
212,2703,106,2698
213,2717,106,2698
214,2698,106,2698
215,2721,106,2721
216,2733,106,2733
217,2679,106,2679
218,2885,106,2605
219,2605,106,2605
220,2890,106,2890
221,2955,106,2955
222,2958,106,2955
223,2982,106,2982
224,2962,106,2962
225,3018,106,3018
226,3022,106,3018
227,3037,106,3034
228,3034,106,3034
229,1854,107,1925
230,1876,107,1925
231,1885,107,1925
232,1892,107,1925
233,1900,107,1925
234,1907,107,1925
235,1918,107,1925
236,1925,107,1925
237,1978,107,1925
238,1996,107,1995
239,1981,107,1981
240,2011,107,1925
241,1995,107,1995
242,2038,107,1925
243,2045,107,1981
244,2046,107,2040
245,2050,107,2040
246,2044,107,2044
247,2040,107,2040
248,2096,107,2096
249,2106,107,2096
250,2107,107,2054
251,2121,107,2122
252,2122,107,2122
253,2088,107,2088
254,2156,107,2054
255,2144,107,2144
256,2182,107,2182
257,2264,107,2054
258,2263,107,2263
259,2332,107,2263
260,2241,107,2241
261,2351,107,2351
262,2423,107,2427
263,2427,107,2427
264,2054,107,2054
265,2471,107,2471
266,2502,107,2502
267,2669,107,2502
268,2751,108,2775
269,2754,108,2775
270,2758,108,2775
271,2762,108,2775
272,2755,108,2775
273,2770,108,2775
274,2776,108,2775
275,2784,108,2789
276,2788,108,2775
277,2792,108,2789
278,2799,108,2775
279,2800,108,2775
280,2789,108,2789
281,2781,108,2781
282,2816,108,2781
283,2831,108,2821
284,2821,108,2821
285,2952,108,2775
286,2953,108,2775
287,2983,108,2775
288,3014,108,2775
289,3035,108,2775
290,2775,108,2775
291,2500,109,2507
292,2511,109,2546
293,2512,109,2509
294,2507,109,2507
295,2516,109,2546
296,2518,109,2509
297,2519,109,2507
298,2521,109,2546
299,2522,109,2546
300,2527,109,2509
301,2535,109,2509
302,2539,109,2509
303,2570,109,2546
304,2509,109,2509
305,2546,109,2546
306,2629,109,2629
307,2645,109,2629
308,2646,109,2599
309,2651,109,2629
310,2652,109,2632
311,2657,109,2657
312,2628,109,2628
313,2670,109,2670
314,2689,109,2665
315,2695,109,2694
316,2694,109,2694
317,2712,109,2712
318,2598,109,2598
319,2665,109,2665
320,2705,109,2705
321,2599,109,2599
322,2805,109,2599
323,2809,109,2599
324,2813,109,2599
325,2822,109,2599
326,2837,109,2599
327,2858,109,2599
328,2865,109,2599
329,2894,109,2894
330,2632,109,2632
331,2913,109,2913
332,3278,109,2913
333,4679,11,4683
334,4718,11,4683
335,4720,11,4683
336,4724,11,4725
337,4752,11,4683
338,4760,11,4683
339,4725,11,4725
340,4788,11,4725
341,4798,11,4798
342,4796,11,4796
343,4683,11,4683
344,4857,11,4805
345,4855,11,4805
346,4860,11,4805
347,4862,11,4863
348,4863,11,4863
349,4870,11,4805
350,4805,11,4805
351,4876,11,4805
352,4881,11,4683
353,2416,110,2416
354,2569,110,2339
355,2577,110,2339
356,2638,110,2339
357,2699,110,2699
358,2829,110,2829
359,2832,110,2829
360,2851,110,2339
361,2843,110,2843
362,2842,110,2842
363,2866,110,2339
364,2339,110,2339
365,2836,110,2836
366,2899,110,2339
367,2935,110,2935
368,2941,110,2935
369,2948,110,2339
370,2949,110,2339
371,2229,111,2226
372,2278,111,2226
373,2287,111,2226
374,2476,111,2476
375,2226,111,2226
376,2487,111,2487
377,2542,111,2354
378,2531,111,2531
379,2584,111,2531
380,2354,111,2354
381,2523,111,2523
382,3174,111,2354
383,3179,111,2354
384,3228,111,2354
385,3236,111,2354
386,3241,111,2354
387,3251,111,2354
388,3256,111,2354
389,3291,111,2523
390,3294,111,2523
391,3408,111,2523
392,3486,111,2523
393,1763,112,1794
394,1768,112,1794
395,1794,112,1794
396,1958,112,1958
397,2062,112,1958
398,2079,112,1958
399,2112,112,1895
400,2114,112,1895
401,2115,112,1895
402,2118,112,1895
403,1895,112,1895
404,2373,113,2373
405,2532,113,2489
406,2639,113,2639
407,2489,113,2489
408,2797,113,2489
409,2907,113,2907
410,2914,113,2907
411,2909,113,2909
412,2927,113,2830
413,2830,113,2830
414,2951,113,2951
415,2160,114,2095
416,2192,114,2199
417,2201,114,2095
418,2095,114,2095
419,2209,114,2199
420,2237,114,2199
421,2205,114,2205
422,2277,114,2277
423,2199,114,2199
424,2301,114,2301
425,2338,114,2349
426,2349,114,2349
427,2357,114,2349
428,2265,114,2265
429,2413,114,2413
430,2528,114,2528
431,2637,114,2637
432,2658,114,2658
433,2692,114,2692
434,2108,115,2259
435,2110,115,2259
436,2304,115,2259
437,2309,115,2259
438,2283,115,2283
439,2311,115,2259
440,2422,115,2259
441,2486,115,2259
442,2259,115,2259
443,2497,115,2497
444,2559,115,2579
445,2579,115,2579
446,2710,115,2579
447,1786,116,1810
448,1826,116,1810
449,1830,116,1810
450,1848,116,1810
451,1810,116,1810
452,1878,116,1810
453,1879,116,1810
454,1937,116,2068
455,1948,116,2068
456,1959,116,2068
457,2034,116,2082
458,2082,116,2082
459,2092,116,2082
460,2109,116,2068
461,2313,116,2068
462,2068,116,2068
463,2362,116,2362
464,2490,116,2490
465,1777,117,1778
466,1778,117,1778
467,1795,117,1780
468,1803,117,1780
469,1808,117,1780
470,1853,117,1780
471,1883,117,1780
472,1899,117,1780
473,1970,117,1780
474,1979,117,1780
475,2037,117,1780
476,2064,117,1780
477,2065,117,1780
478,2066,117,1780
479,2084,117,2225
480,2090,117,2081
481,2091,117,1780
482,2081,117,2081
483,2099,117,1780
484,2101,117,1780
485,2129,117,2225
486,2140,117,2225
487,2143,117,2225
488,2147,117,2225
489,2152,117,2225
490,2155,117,2225
491,2195,117,2225
492,2207,117,1780
493,2225,117,2225
494,2234,117,2225
495,1780,117,1780
496,2236,117,2225
497,2238,117,1780
498,2245,117,2225
499,2266,117,2211
500,2246,117,2246
501,2254,117,2254
502,2211,117,2211
503,2275,117,2275
504,2345,117,2275
505,2340,117,2275
506,2350,117,2317
507,2352,117,2317
508,2317,117,2317
509,2384,117,2275
510,2388,117,2388
511,2397,117,2397
512,2189,117,2189
513,2444,117,2189
514,2455,117,2466
515,2464,117,2466
516,2466,117,2466
517,2431,118,2161
518,2488,118,2488
519,2510,118,2517
520,2517,118,2517
521,2530,118,2530
522,2161,118,2161
523,2635,118,2655
524,2649,118,2655
525,2655,118,2655
526,2674,118,2674
527,2726,118,2726
528,2753,118,2674
529,1801,119,1801
530,1866,119,1824
531,1874,119,1884
532,1875,119,1824
533,1906,119,1824
534,1917,119,1824
535,1928,119,1845
536,1940,119,1884
537,1942,119,1960
538,1950,119,1960
539,1884,119,1884
540,1966,119,1884
541,1976,119,1962
542,1960,119,1960
543,1975,119,1962
544,1986,119,1962
545,2004,119,2013
546,1998,119,1845
547,2019,119,2036
548,2016,119,1845
549,2026,119,2036
550,2028,119,1962
551,2030,119,1845
552,2013,119,2013
553,2055,119,2036
554,2036,119,2036
555,2052,119,1845
556,1824,119,1824
557,2070,119,2070
558,2094,119,1845
559,2105,119,1845
560,2100,119,1845
561,1845,119,1845
562,2067,119,2067
563,2127,119,2127
564,2131,119,1962
565,2136,119,1845
566,2137,119,2137
567,2159,119,2137
568,2163,119,1962
569,2148,119,2148
570,2168,119,2137
571,2172,119,2137
572,2183,119,1962
573,2198,119,1962
574,2216,119,2216
575,2232,119,2232
576,2223,119,2223
577,2253,119,2253
578,2260,119,2267
579,2268,119,2223
580,2281,119,2253
581,2267,119,2267
582,2280,119,2280
583,2282,119,2284
584,2289,119,1962
585,2290,119,1962
586,2298,119,1962
587,2284,119,2284
588,2291,119,2316
589,2300,119,1962
590,2315,119,1962
591,2274,119,2274
592,2316,119,2316
593,1962,119,1962
594,2333,119,2336
595,2343,119,2336
596,2318,119,2318
597,2334,119,2334
598,2355,119,2359
599,2356,119,2330
600,2336,119,2336
601,2372,119,2336
602,2359,119,2359
603,2377,119,2321
604,2341,119,2341
605,2385,119,2321
606,2391,119,2321
607,2390,119,2321
608,2396,119,2321
609,2399,119,2330
610,2403,119,2330
611,2401,119,2330
612,2406,119,2330
613,2382,119,2382
614,2409,119,2330
615,2410,119,2330
616,2414,119,2330
617,2330,119,2330
618,2417,119,2417
619,2439,119,2417
620,2321,119,2321
621,2472,119,2322
622,2322,119,2322
623,4539,12,4539
624,4535,12,4535
625,4542,12,4539
626,4666,12,4525
627,4525,12,4525
628,4665,12,4665
629,4672,12,4672
630,4681,12,4675
631,4675,12,4675
632,4764,12,4675
633,4772,12,4675
634,2083,120,2087
635,2126,120,2087
636,2124,120,2124
637,2087,120,2087
638,2215,120,2180
639,2227,120,2180
640,2228,120,2180
641,2230,120,2180
642,2180,120,2180
643,2269,120,2073
644,2272,120,2272
645,2073,120,2073
646,1947,121,1847
647,1847,121,1847
648,2072,121,1847
649,2134,121,2150
650,2141,121,2150
651,2150,121,2150
652,2235,121,2221
653,2361,121,2221
654,2593,121,2221
655,2619,121,2619
656,2221,121,2221
657,2676,121,2573
658,2573,121,2573
659,2748,121,2748
660,2774,121,2748
661,1224,122,1203
662,1203,122,1203
663,1469,122,1469
664,1534,122,1534
665,1430,122,1430
666,1592,122,1592
667,1761,122,1761
668,1922,122,1682
669,1924,122,1811
670,1923,122,1682
671,1949,122,1682
672,1811,122,1811
673,2078,122,1682
674,2111,122,1682
675,1682,122,1682
676,1731,123,1758
677,1740,123,1758
678,1752,123,1758
679,1756,123,1758
680,1758,123,1758
681,1790,123,1758
682,1889,123,1903
683,1894,123,1903
684,1915,123,1915
685,1955,123,1915
686,1964,123,1198
687,2005,123,1903
688,2033,123,1903
689,1198,123,1198
690,2069,123,1198
691,1903,123,1903
692,1051,124,1057
693,1123,124,1057
694,1125,124,1057
695,1147,124,1057
696,1190,124,1057
697,1536,124,1057
698,1562,124,1057
699,1577,124,1572
700,1572,124,1572
701,1591,124,1572
702,1594,124,1572
703,1737,124,1057
704,1773,124,1057
705,1791,124,1791
706,1828,124,1057
707,1871,124,1057
708,1886,124,1057
709,1881,124,1881
710,1914,124,1881
711,1921,124,1881
712,2085,124,1057
713,2132,124,1057
714,1057,124,1057
715,2258,124,1057
716,2525,124,1057
717,730,125,730
718,811,125,789
719,840,125,789
720,789,125,789
721,852,125,852
722,907,125,852
723,915,125,852
724,1122,125,1120
725,1214,125,1120
726,1258,125,1120
727,1297,125,1415
728,1325,125,1120
729,1378,125,1332
730,1380,125,1332
731,1332,125,1332
732,1398,125,1415
733,1400,125,1415
734,1410,125,1120
735,1408,125,1415
736,1417,125,1415
737,1423,125,1120
738,1120,125,1120
739,1607,125,1415
740,1624,125,1415
741,1637,125,1415
742,1702,125,1415
743,1724,125,1415
744,1764,125,1729
745,1774,125,1729
746,1788,125,1729
747,1729,125,1729
748,1798,125,1729
749,1799,125,1729
750,1787,125,1787
751,1809,125,1787
752,1804,125,1787
753,1815,125,1787
754,1818,125,1729
755,1843,125,1415
756,1844,125,1729
757,1882,125,1415
758,1938,125,1415
759,2035,125,1415
760,2049,125,1415
761,2056,125,1415
762,2135,125,1415
763,2139,125,1415
764,2171,125,2171
765,2212,125,2208
766,2208,125,2208
767,2217,125,2208
768,2222,125,2249
769,2240,125,2249
770,2249,125,2249
771,2261,125,2270
772,2271,125,1415
773,2273,125,2270
774,2270,125,2270
775,2376,125,1415
776,2386,125,1415
777,2347,125,2347
778,1415,125,1415
779,2405,125,2347
780,2429,125,2347
781,2257,125,2257
782,2475,125,2475
783,2563,125,2563
784,2613,125,2563
785,2623,125,2563
786,2691,125,2563
787,2113,126,2116
788,2120,126,2104
789,2125,126,2104
790,2138,126,2142
791,2142,126,2142
792,2104,126,2104
793,2116,126,2116
794,2381,126,2381
795,1751,127,1743
796,1747,127,1743
797,1743,127,1743
798,1767,127,1783
799,1771,127,1783
800,1760,127,1760
801,1784,127,1783
802,1783,127,1783
803,2572,127,2572
804,2643,127,2572
805,2648,127,2572
806,2653,127,2572
807,1127,128,1087
808,1223,128,1087
809,1226,128,1087
810,1213,128,1087
811,1512,128,1512
812,1561,128,1512
813,1571,128,1512
814,1675,128,1614
815,1614,128,1614
816,1728,128,1728
817,1820,128,1728
818,1823,128,1728
819,1827,128,1728
820,1831,128,1728
821,1838,128,1728
822,1839,128,1873
823,1849,128,1873
824,1872,128,1873
825,1880,128,1880
826,2077,128,1873
827,1873,128,1873
828,1087,128,1087
829,1171,129,1171
830,1615,129,1139
831,1708,129,1139
832,1714,129,1139
833,1753,129,1139
834,2119,129,1139
835,2123,129,1139
836,1139,129,1139
837,2130,129,2130
838,2063,129,2063
839,4439,13,4319
840,4440,13,4458
841,4458,13,4458
842,4463,13,4319
843,4472,13,4472
844,4523,13,4319
845,4319,13,4319
846,356,130,356
847,625,130,625
848,715,130,715
849,844,130,880
850,880,130,880
851,924,130,880
852,934,130,880
853,363,130,363
854,191,131,250
855,193,131,250
856,194,131,250
857,237,131,250
858,250,131,250
859,323,131,255
860,322,131,255
861,331,131,255
862,314,131,314
863,337,131,314
864,354,131,380
865,361,131,380
866,392,131,407
867,380,131,380
868,412,131,380
869,443,131,443
870,338,131,338
871,437,131,437
872,407,131,407
873,547,131,338
874,481,131,481
875,255,131,255
876,577,131,577
877,658,131,578
878,667,131,807
879,683,131,807
880,631,131,631
881,740,131,578
882,765,131,765
883,906,131,906
884,987,131,987
885,1033,131,1033
886,807,131,807
887,1095,131,578
888,1110,131,578
889,1135,131,1135
890,1165,131,1165
891,1230,131,578
892,1179,131,1179
893,1245,131,1269
894,1231,131,1231
895,1254,131,1269
896,1256,131,1269
897,1261,131,1269
898,1249,131,578
899,1267,131,1269
900,1250,131,1250
901,1269,131,1269
902,1304,131,1269
903,1309,131,578
904,1320,131,578
905,1372,131,578
906,1373,131,578
907,1377,131,578
908,1402,131,578
909,1681,131,1681
910,1701,131,1681
911,1759,131,578
912,1770,131,578
913,1772,131,578
914,578,131,578
915,724,132,831
916,795,132,831
917,948,132,948
918,864,132,864
919,1126,132,831
920,1111,132,1111
921,1212,132,831
922,1140,132,1140
923,1270,132,1285
924,1286,132,1285
925,1295,132,1285
926,1289,132,1336
927,1317,132,831
928,1186,132,1186
929,1370,132,831
930,984,132,984
931,1336,132,1336
932,1385,132,864
933,1389,132,1336
934,1394,132,1394
935,1383,132,1383
936,1407,132,1356
937,1405,132,1383
938,1411,132,1285
939,1414,132,1356
940,1418,132,1285
941,1424,132,1356
942,831,132,831
943,1413,132,1413
944,1356,132,1356
945,1484,132,1356
946,1538,132,1285
947,1537,132,1537
948,1608,132,1285
949,1605,132,1605
950,1623,132,1616
951,1616,132,1616
952,1636,132,1616
953,1638,132,1616
954,1643,132,1616
955,1665,132,1697
956,1673,132,1285
957,1670,132,1697
958,1697,132,1697
959,1715,132,1697
960,1285,132,1285
961,1738,132,1713
962,1713,132,1713
963,1754,132,1754
964,1745,132,1745
965,1863,132,1745
966,1890,132,1745
967,2162,132,2170
968,2165,132,2170
969,2157,132,2170
970,2167,132,2170
971,2174,132,2170
972,2170,132,2170
973,1040,133,1050
974,1036,133,1050
975,1038,133,1050
976,1042,133,1050
977,1048,133,1056
978,1046,133,1050
979,1053,133,1056
980,1061,133,1056
981,1064,133,1071
982,1086,133,1027
983,1050,133,1050
984,1100,133,1027
985,1071,133,1071
986,1056,133,1056
987,1096,133,1096
988,1118,133,1102
989,1102,133,1102
990,1124,133,1124
991,1149,133,1130
992,1151,133,1130
993,1153,133,1130
994,1174,133,1130
995,1191,133,1130
996,1178,133,1178
997,1196,133,1196
998,1027,133,1027
999,1130,133,1130
1000,1241,133,1211
1001,1294,133,1294
1002,1340,133,1294
1003,1347,133,1294
1004,1348,133,1294
1005,1361,133,1211
1006,1482,133,1490
1007,1211,133,1211
1008,1524,133,1524
1009,1490,133,1490
1010,1887,133,1490
1011,2018,133,2018
1012,2128,133,2210
1013,2210,133,2210
1014,2244,133,2210
1015,2644,133,2659
1016,2654,133,2659
1017,2659,133,2659
1018,1121,134,1116
1019,1116,134,1116
1020,1137,134,1116
1021,1066,134,1066
1022,1148,134,1066
1023,1155,134,1177
1024,1159,134,1177
1025,1162,134,1141
1026,1166,134,1177
1027,1141,134,1141
1028,1167,134,1173
1029,1172,134,1177
1030,1173,134,1173
1031,1183,134,1173
1032,1184,134,1233
1033,1188,134,1204
1034,1170,134,1170
1035,1215,134,1170
1036,1177,134,1177
1037,1199,134,1199
1038,1227,134,1170
1039,1228,134,1233
1040,1232,134,1170
1041,1236,134,1177
1042,1242,134,1279
1043,1204,134,1204
1044,1251,134,1280
1045,1281,134,1280
1046,1282,134,1353
1047,1287,134,1353
1048,1280,134,1280
1049,1233,134,1233
1050,1311,134,1233
1051,1257,134,1257
1052,1352,134,1374
1053,1343,134,1353
1054,1353,134,1353
1055,1359,134,1359
1056,1374,134,1374
1057,1388,134,1388
1058,1406,134,1362
1059,1326,134,1326
1060,1412,134,1419
1061,1279,134,1279
1062,1416,134,1341
1063,1435,134,1362
1064,1362,134,1362
1065,1419,134,1419
1066,1439,134,1362
1067,1441,134,1419
1068,1445,134,1419
1069,1446,134,1478
1070,1399,134,1399
1071,1449,134,1419
1072,1450,134,1478
1073,1452,134,1399
1074,1456,134,1465
1075,1431,134,1431
1076,1479,134,1478
1077,1463,134,1463
1078,1497,134,1463
1079,1478,134,1478
1080,1504,134,1463
1081,1513,134,1465
1082,1519,134,1478
1083,1523,134,1478
1084,1465,134,1465
1085,1532,134,1465
1086,1543,134,1522
1087,1552,134,1547
1088,1542,134,1542
1089,1522,134,1522
1090,1547,134,1547
1091,1573,134,1542
1092,1587,134,1522
1093,1583,134,1583
1094,1597,134,1595
1095,1606,134,1595
1096,1617,134,1595
1097,1618,134,1613
1098,1341,134,1341
1099,1595,134,1595
1100,1644,134,1654
1101,1613,134,1613
1102,1656,134,1656
1103,1678,134,1656
1104,1687,134,1656
1105,1671,134,1656
1106,1685,134,1676
1107,1691,134,1656
1108,1699,134,1683
1109,1683,134,1683
1110,1704,134,1683
1111,1676,134,1676
1112,1654,134,1654
1113,1816,134,1822
1114,1817,134,1822
1115,1821,134,1822
1116,1829,134,1822
1117,1813,134,1813
1118,1822,134,1822
1119,1833,134,1842
1120,1832,134,1822
1121,1840,134,1822
1122,1841,134,1822
1123,1850,134,1822
1124,1864,134,1822
1125,1842,134,1842
1126,1916,134,1939
1127,1732,134,1732
1128,1965,134,1956
1129,1939,134,1939
1130,1956,134,1956
1131,2086,134,1956
1132,2089,134,1956
1133,2153,134,2164
1134,2166,134,2164
1135,2169,134,2164
1136,2173,134,2164
1137,2176,134,2185
1138,2179,134,2146
1139,2146,134,2146
1140,2164,134,2164
1141,2184,134,2164
1142,2185,134,2185
1143,486,135,548
1144,530,135,548
1145,518,135,518
1146,1541,135,1556
1147,1546,135,1556
1148,1556,135,1556
1149,548,135,548
1150,1590,135,548
1151,1669,136,1669
1152,1327,136,1327
1153,1856,137,1910
1154,1877,137,1910
1155,1902,137,1910
1156,1908,137,1910
1157,1927,137,1910
1158,1929,137,1910
1159,1932,137,1910
1160,1910,137,1910
1161,1934,137,1910
1162,1967,137,1910
1163,1968,137,1991
1164,1984,137,1973
1165,1999,137,1969
1166,1991,137,1991
1167,2009,137,1969
1168,2008,137,2022
1169,1969,137,1969
1170,2017,137,1969
1171,2014,137,2022
1172,2023,137,1969
1173,2029,137,2022
1174,2031,137,2022
1175,2041,137,1910
1176,2042,137,2022
1177,2022,137,2022
1178,2032,137,2058
1179,2053,137,1973
1180,2057,137,2058
1181,2059,137,2058
1182,2058,137,2058
1183,2102,137,1973
1184,1973,137,1973
1185,2117,137,1973
1186,2158,137,2158
1187,2326,137,2231
1188,2331,137,2231
1189,2337,137,2231
1190,2348,137,2348
1191,2375,137,2375
1192,2425,137,2231
1193,2456,137,2456
1194,2491,137,2495
1195,2503,137,2504
1196,2504,137,2504
1197,2495,137,2495
1198,2550,137,2550
1199,2558,137,2558
1200,2594,137,2558
1201,2231,137,2231
1202,2499,137,2499
1203,2618,137,2231
1204,2675,137,2675
1205,2501,137,2501
1206,2496,137,2496
1207,1645,138,1655
1208,1709,138,1709
1209,1730,138,1733
1210,1733,138,1733
1211,1734,138,1734
1212,1779,138,1779
1213,1765,138,1765
1214,1800,138,1765
1215,1805,138,1779
1216,1852,138,1851
1217,1812,138,1812
1218,1851,138,1851
1219,1891,138,1851
1220,1896,138,1851
1221,1905,138,1851
1222,1898,138,1867
1223,1867,138,1867
1224,1897,138,1897
1225,1941,138,1941
1226,2020,138,2007
1227,2027,138,2007
1228,2025,138,1655
1229,2007,138,2007
1230,1655,138,1655
1231,2074,138,2098
1232,2076,138,1867
1233,2080,138,2098
1234,2093,138,2098
1235,2098,138,2098
1236,2154,138,2154
1237,2224,138,2181
1238,2181,138,2181
1239,2276,138,2181
1240,2288,138,2310
1241,2297,138,2310
1242,2346,138,2367
1243,2371,138,2374
1244,2367,138,2367
1245,2374,138,2374
1246,2379,138,2379
1247,2310,138,2310
1248,2378,138,2378
1249,2393,138,2379
1250,2394,138,2310
1251,2395,138,2310
1252,2389,138,2389
1253,258,139,258
1254,385,139,403
1255,387,139,403
1256,391,139,403
1257,388,139,403
1258,423,139,403
1259,469,139,403
1260,506,139,523
1261,488,139,488
1262,413,139,413
1263,541,139,541
1264,553,139,488
1265,523,139,523
1266,520,139,520
1267,576,139,403
1268,403,139,403
1269,582,139,403
1270,714,139,696
1271,696,139,696
1272,833,139,833
1273,889,139,696
1274,904,139,849
1275,908,139,849
1276,849,139,849
1277,916,139,696
1278,957,139,963
1279,961,139,963
1280,963,139,963
1281,1022,139,963
1282,1058,139,963
1283,1067,139,970
1284,1089,139,970
1285,1113,139,970
1286,1163,139,970
1287,1252,139,970
1288,970,139,970
1289,1397,139,970
1290,1421,139,970
1291,1422,139,970
1292,1429,139,970
1293,1434,139,970
1294,1438,139,970
1295,1451,139,970
1296,1462,139,970
1297,1533,139,970
1298,1603,139,1719
1299,1610,139,1639
1300,1622,139,1719
1301,1652,139,1719
1302,1639,139,1639
1303,1651,139,1651
1304,1679,139,1719
1305,1755,139,1651
1306,1762,139,1719
1307,1797,139,1639
1308,1719,139,1719
1309,1988,139,1993
1310,2001,139,1719
1311,1993,139,1993
1312,1994,139,1994
1313,2071,139,1719
1314,4353,14,4364
1315,4355,14,4364
1316,4358,14,4364
1317,4371,14,4364
1318,4473,14,4473
1319,4487,14,4473
1320,4500,14,4502
1321,4502,14,4502
1322,4516,14,4364
1323,4526,14,4364
1324,4527,14,4527
1325,4537,14,4527
1326,4364,14,4364
1327,893,140,929
1328,929,140,929
1329,823,140,823
1330,966,140,966
1331,1055,140,1025
1332,873,140,873
1333,1176,140,1193
1334,1185,140,1193
1335,1189,140,1193
1336,1206,140,1193
1337,1243,140,1193
1338,1266,140,1193
1339,1271,140,1193
1340,1273,140,1193
1341,1288,140,1193
1342,1193,140,1193
1343,1298,140,1307
1344,1300,140,1193
1345,1313,140,1307
1346,1318,140,1335
1347,1329,140,1335
1348,1307,140,1307
1349,1335,140,1335
1350,1025,140,1025
1351,1427,140,1025
1352,1428,140,1025
1353,1437,140,1219
1354,1459,140,1459
1355,1499,140,1219
1356,1509,140,1509
1357,1553,140,1553
1358,1580,140,1553
1359,1584,140,1553
1360,1593,140,1593
1361,1627,140,1630
1362,1646,140,1661
1363,1649,140,1661
1364,1666,140,1661
1365,1630,140,1630
1366,1661,140,1661
1367,1689,140,1689
1368,1706,140,1661
1369,1707,140,1689
1370,1712,140,1944
1371,1711,140,1219
1372,1735,140,1219
1373,1741,140,1219
1374,1802,140,1219
1375,1806,140,1219
1376,1219,140,1219
1377,1944,140,1944
1378,2012,140,2012
1379,2175,140,2177
1380,2186,140,2177
1381,2177,140,2177
1382,755,141,600
1383,772,141,600
1384,782,141,600
1385,783,141,796
1386,790,141,600
1387,800,141,796
1388,805,141,806
1389,796,141,796
1390,829,141,838
1391,832,141,832
1392,859,141,832
1393,882,141,884
1394,838,141,838
1395,894,141,806
1396,903,141,806
1397,902,141,884
1398,600,141,600
1399,960,141,960
1400,1009,141,1007
1401,1007,141,1007
1402,1084,141,1062
1403,1088,141,1092
1404,1092,141,1092
1405,1005,141,1005
1406,1154,141,884
1407,806,141,806
1408,884,141,884
1409,1205,141,1216
1410,1225,141,1131
1411,1244,141,1131
1412,1246,141,1062
1413,1259,141,1062
1414,1216,141,1216
1415,1272,141,1131
1416,1299,141,1314
1417,1301,141,1131
1418,1334,141,1314
1419,1314,141,1314
1420,1344,141,1314
1421,1342,141,1296
1422,1358,141,1062
1423,1365,141,1062
1424,1062,141,1062
1425,1366,141,1384
1426,1381,141,1062
1427,1387,141,1062
1428,1382,141,1062
1429,1384,141,1384
1430,1396,141,1396
1431,1296,141,1296
1432,1404,141,1062
1433,1426,141,1062
1434,1440,141,1442
1435,1442,141,1442
1436,1453,141,1461
1437,1454,141,1461
1438,1455,141,1436
1439,1457,141,1131
1440,1464,141,1461
1441,1461,141,1461
1442,1472,141,1461
1443,1436,141,1436
1444,1485,141,1436
1445,1492,141,1131
1446,1498,141,1487
1447,1508,141,1436
1448,1131,141,1131
1449,1518,141,1461
1450,1517,141,1461
1451,1487,141,1487
1452,1521,141,1461
1453,1526,141,1526
1454,1544,141,1578
1455,1548,141,1578
1456,1550,141,1578
1457,1545,141,1578
1458,1551,141,1578
1459,1527,141,1527
1460,1557,141,1578
1461,1559,141,1527
1462,1563,141,1578
1463,1566,141,1578
1464,1567,141,1578
1465,1578,141,1578
1466,1599,141,1598
1467,1564,141,1564
1468,1598,141,1598
1469,1602,141,1602
1470,1650,141,1650
1471,1677,141,1688
1472,1686,141,1688
1473,1609,141,1609
1474,1672,141,1672
1475,1716,141,1688
1476,1720,141,1672
1477,1723,141,1672
1478,1688,141,1688
1479,1739,141,1688
1480,390,142,424
1481,402,142,424
1482,397,142,397
1483,434,142,397
1484,424,142,424
1485,522,142,524
1486,524,142,524
1487,565,142,524
1488,570,142,431
1489,431,142,431
1490,581,142,431
1491,432,142,432
1492,797,142,797
1493,895,142,895
1494,921,142,921
1495,847,142,847
1496,969,142,766
1497,964,142,964
1498,766,142,766
1499,975,142,1079
1500,982,142,982
1501,1006,142,964
1502,1020,142,725
1503,1041,142,766
1504,1043,142,1043
1505,1083,142,766
1506,1104,142,766
1507,1093,142,853
1508,1065,142,1065
1509,853,142,853
1510,725,142,725
1511,1158,142,1158
1512,1207,142,1220
1513,1220,142,1220
1514,1237,142,1220
1515,1168,142,1168
1516,1312,142,1076
1517,1079,142,1079
1518,1333,142,1333
1519,1357,142,1364
1520,1363,142,1364
1521,1354,142,1354
1522,1364,142,1364
1523,1076,142,1076
1524,1395,142,1395
1525,1265,142,1265
1526,1367,142,1367
1527,1425,142,1364
1528,1433,142,1367
1529,1448,142,1470
1530,1420,142,1420
1531,1458,142,1367
1532,1460,142,1470
1533,1486,142,1181
1534,1488,142,1181
1535,1470,142,1470
1536,1514,142,1181
1537,1516,142,1558
1538,1574,142,1574
1539,1619,142,1558
1540,1621,142,1574
1541,1647,142,1574
1542,1181,142,1181
1543,1668,142,1181
1544,1690,142,1181
1545,1684,142,1558
1546,1694,142,1698
1547,1558,142,1558
1548,1698,142,1698
1549,1710,142,1705
1550,1705,142,1705
1551,1717,142,1717
1552,1769,142,1717
1553,1781,142,1717
1554,1792,142,1717
1555,1865,142,1814
1556,1904,142,1814
1557,1814,142,1814
1558,2178,142,2178
1559,2187,142,2204
1560,2190,142,2204
1561,2191,142,2204
1562,2188,142,2188
1563,2194,142,2188
1564,2197,142,2200
1565,2193,142,2193
1566,2204,142,2204
1567,2200,142,2200
1568,359,143,325
1569,493,143,611
1570,501,143,611
1571,611,143,611
1572,681,143,325
1573,691,143,325
1574,701,143,325
1575,723,143,325
1576,731,143,703
1577,729,143,325
1578,804,143,325
1579,774,143,774
1580,812,143,703
1581,878,143,325
1582,883,143,325
1583,922,143,703
1584,703,143,703
1585,325,143,325
1586,813,143,813
1587,1077,143,1077
1588,1150,143,1150
1589,1192,143,1097
1590,1217,143,1097
1591,1218,143,1097
1592,1097,143,1097
1593,1229,143,1097
1594,1247,143,1097
1595,452,144,452
1596,815,144,452
1597,820,144,452
1598,867,144,452
1599,989,144,989
1600,1012,144,989
1601,1014,144,1035
1602,1029,144,1035
1603,1030,144,1045
1604,1047,144,1045
1605,1045,144,1045
1606,1035,144,1035
1607,1129,144,1081
1608,1156,144,1081
1609,1157,144,1081
1610,1160,144,1081
1611,1202,144,1081
1612,1209,144,1081
1613,1221,144,1081
1614,1222,144,1222
1615,1278,144,1278
1616,1339,144,1339
1617,1081,144,1081
1618,1379,144,1392
1619,1386,144,1392
1620,1393,144,1339
1621,1391,144,1391
1622,1467,144,1392
1623,1468,144,1392
1624,1474,144,1392
1625,1476,144,1392
1626,1481,144,1392
1627,1612,144,1392
1628,1861,144,1869
1629,1912,144,1869
1630,1869,144,1869
1631,1392,144,1392
1632,1961,144,1869
1633,2145,144,2214
1634,2220,144,2220
1635,2239,144,2220
1636,2214,144,2214
1637,2358,144,2358
1638,373,145,373
1639,459,145,544
1640,463,145,544
1641,474,145,475
1642,489,145,544
1643,490,145,475
1644,500,145,544
1645,513,145,544
1646,533,145,544
1647,526,145,475
1648,532,145,532
1649,475,145,475
1650,596,145,606
1651,619,145,544
1652,606,145,606
1653,784,145,544
1654,544,145,544
1655,824,145,824
1656,886,145,824
1657,142,146,142
1658,184,146,128
1659,128,146,128
1660,220,146,128
1661,217,146,216
1662,228,146,257
1663,216,146,216
1664,238,146,216
1665,247,146,257
1666,420,146,257
1667,438,146,257
1668,539,146,257
1669,555,146,257
1670,558,146,257
1671,579,146,579
1672,257,146,257
1673,572,146,572
1674,632,146,626
1675,660,146,657
1676,626,146,626
1677,657,146,657
1678,733,146,626
1679,750,146,816
1680,787,146,850
1681,834,146,850
1682,841,146,850
1683,816,146,816
1684,850,146,850
1685,858,146,858
1686,896,146,905
1687,925,146,816
1688,967,146,905
1689,905,146,905
1690,973,146,905
1691,978,146,980
1692,980,146,980
1693,993,146,993
1694,1004,146,993
1695,1331,146,1346
1696,1346,146,1346
1697,1403,146,1403
1698,303,147,319
1699,311,147,319
1700,319,147,319
1701,336,147,319
1702,342,147,371
1703,350,147,371
1704,344,147,344
1705,351,147,378
1706,371,147,371
1707,304,147,304
1708,305,147,305
1709,525,147,525
1710,378,147,378
1711,587,147,586
1712,588,147,586
1713,586,147,586
1714,595,147,595
1715,610,147,554
1716,614,147,554
1717,682,147,705
1718,672,147,672
1719,554,147,554
1720,687,147,705
1721,700,147,554
1722,713,147,705
1723,704,147,654
1724,675,147,675
1725,773,147,741
1726,746,147,746
1727,654,147,654
1728,819,147,819
1729,876,147,885
1730,874,147,885
1731,888,147,885
1732,877,147,877
1733,741,147,741
1734,865,147,865
1735,885,147,885
1736,935,147,741
1737,947,147,741
1738,705,147,705
1739,1078,147,1054
1740,1054,147,1054
1741,597,147,597
1742,1182,147,1054
1743,1187,147,1054
1744,51,148,139
1745,64,148,85
1746,83,148,85
1747,85,148,85
1748,100,148,546
1749,101,148,102
1750,103,148,143
1751,111,148,546
1752,122,148,139
1753,126,148,143
1754,127,148,139
1755,132,148,102
1756,134,148,139
1757,136,148,143
1758,140,148,139
1759,102,148,102
1760,145,148,139
1761,146,148,139
1762,147,148,139
1763,143,148,143
1764,149,148,139
1765,153,148,143
1766,154,148,139
1767,158,148,139
1768,159,148,139
1769,162,148,139
1770,160,148,139
1771,175,148,139
1772,183,148,179
1773,179,148,179
1774,215,148,139
1775,266,148,139
1776,268,148,139
1777,139,148,139
1778,479,148,546
1779,546,148,546
1780,666,148,546
1781,678,148,546
1782,684,148,546
1783,881,148,546
1784,897,148,546
1785,931,148,546
1786,937,148,546
1787,943,148,546
1788,952,148,546
1789,972,148,546
1790,977,148,546
1791,995,148,546
1792,997,148,546
1793,612,149,624
1794,624,149,624
1795,655,149,624
1796,676,149,624
1797,688,149,694
1798,693,149,694
1799,719,149,694
1800,791,149,694
1801,848,149,855
1802,855,149,855
1803,1112,149,694
1804,1208,149,1208
1805,1238,149,1208
1806,1260,149,1260
1807,694,149,694
1808,1274,149,1274
1809,1302,149,1302
1810,1308,149,1308
1811,1349,149,1349
1812,1371,149,1371
1813,1401,149,1409
1814,1375,149,1375
1815,1409,149,1409
1816,1471,149,1505
1817,1473,149,1505
1818,1480,149,1505
1819,1505,149,1505
1820,1528,149,1505
1821,1529,149,1539
1822,1539,149,1539
1823,1581,149,1629
1824,1585,149,1629
1825,1586,149,1589
1826,1588,149,1629
1827,1640,149,1629
1828,1721,149,1721
1829,1926,149,1990
1830,1901,149,1901
1831,1909,149,1909
1832,1931,149,1990
1833,1943,149,1990
1834,1933,149,1629
1835,1951,149,1990
1836,1963,149,1990
1837,1749,149,1749
1838,1972,149,1749
1839,1589,149,1589
1840,1985,149,1589
1841,1992,149,1589
1842,1983,149,1997
1843,2000,149,1589
1844,1990,149,1990
1845,2015,149,1629
1846,2039,149,1990
1847,2043,149,1629
1848,1997,149,1997
1849,2024,149,2024
1850,2051,149,1629
1851,1629,149,1629
1852,2061,149,2024
1853,2060,149,1629
1854,2075,149,1629
1855,2097,149,2103
1856,2103,149,2103
1857,3929,15,3929
1858,3973,15,3929
1859,3978,15,3929
1860,4349,15,4314
1861,4409,15,4314
1862,4314,15,4314
1863,4459,15,4314
1864,4460,15,4314
1865,4464,15,4314
1866,4506,15,4490
1867,4514,15,4490
1868,4554,15,4566
1869,4558,15,4566
1870,4564,15,4566
1871,4562,15,4566
1872,4566,15,4566
1873,4572,15,4580
1874,4579,15,4580
1875,4490,15,4490
1876,4580,15,4580
1877,4594,15,4580
1878,4602,15,4604
1879,4606,15,4622
1880,4605,15,4622
1881,4604,15,4604
1882,4621,15,4604
1883,4615,15,4622
1884,4622,15,4622
1885,4632,15,4622
1886,4640,15,4622
1887,4648,15,4622
1888,4651,15,4622
1889,4702,15,4702
1890,4797,15,4797
1891,252,150,252
1892,384,150,394
1893,395,150,394
1894,439,150,394
1895,458,150,455
1896,462,150,394
1897,455,150,455
1898,394,150,394
1899,504,150,455
1900,563,150,563
1901,592,150,592
1902,605,150,613
1903,946,150,613
1904,959,150,900
1905,962,150,900
1906,968,150,900
1907,613,150,613
1908,900,150,900
1909,1180,150,1180
1910,1044,151,1044
1911,1063,151,1044
1912,1080,151,1080
1913,1107,151,1107
1914,1133,151,1133
1915,1432,151,1432
1916,1620,151,1628
1917,1625,151,1628
1918,1626,151,1144
1919,1144,151,1144
1920,1628,151,1628
1921,1667,151,1628
1922,1692,151,1692
1923,1718,151,1692
1924,1722,151,1692
1925,1693,151,1693
1926,1725,151,1692
1927,1736,151,1692
1928,1748,151,1692
1929,1796,151,1796
1930,1819,151,1142
1931,1825,151,1855
1932,1834,151,1142
1933,1857,151,1858
1934,1858,151,1858
1935,1952,151,1957
1936,1957,151,1957
1937,1855,151,1855
1938,1980,151,1855
1939,1142,151,1142
1940,1974,151,1974
1941,1987,151,1855
1942,1989,151,1971
1943,1982,151,1971
1944,2006,151,2003
1945,2003,151,2003
1946,2021,151,1971
1947,1971,151,1971
1948,195,152,272
1949,272,152,272
1950,295,152,272
1951,335,152,340
1952,315,152,315
1953,575,152,340
1954,566,152,298
1955,590,152,340
1956,593,152,340
1957,340,152,340
1958,609,152,618
1959,621,152,618
1960,618,152,618
1961,754,152,754
1962,830,152,298
1963,839,152,298
1964,736,152,736
1965,933,152,933
1966,1008,152,298
1967,1002,152,1002
1968,298,152,298
1969,1091,152,1091
1970,41,153,43
1971,212,153,477
1972,234,153,26
1973,248,153,477
1974,23,153,23
1975,277,153,23
1976,308,153,43
1977,26,153,26
1978,358,153,26
1979,372,153,26
1980,377,153,26
1981,436,153,43
1982,477,153,477
1983,43,153,43
1984,207,154,201
1985,213,154,225
1986,201,154,201
1987,225,154,225
1988,254,154,225
1989,263,154,245
1990,245,154,245
1991,291,154,291
1992,306,154,306
1993,345,154,306
1994,60,154,60
1995,640,154,60
1996,646,154,60
1997,673,154,60
1998,39,155,39
1999,58,155,39
2000,168,155,171
2001,171,155,171
2002,226,155,226
2003,260,155,287
2004,253,155,287
2005,275,155,287
2006,278,155,287
2007,285,155,273
2008,286,155,287
2009,273,155,273
2010,297,155,299
2011,287,155,287
2012,299,155,299
2013,267,155,267
2014,365,155,267
2015,343,155,343
2016,376,155,296
2017,389,155,296
2018,296,155,296
2019,396,155,296
2020,404,155,296
2021,478,155,492
2022,492,155,492
2023,641,155,647
2024,647,155,647
2025,616,155,616
2026,695,155,710
2027,697,155,616
2028,702,155,710
2029,692,155,692
2030,707,155,616
2031,720,155,616
2032,711,155,711
2033,732,155,674
2034,346,155,346
2035,674,155,674
2036,785,155,674
2037,792,155,674
2038,718,155,718
2039,801,155,718
2040,710,155,710
2041,875,155,710
2042,887,155,710
2043,892,155,710
2044,854,155,854
2045,917,155,917
2046,1138,155,917
2047,222,156,357
2048,240,156,357
2049,235,156,235
2050,271,156,270
2051,261,156,261
2052,334,156,270
2053,364,156,357
2054,381,156,357
2055,383,156,357
2056,393,156,357
2057,270,156,270
2058,441,156,445
2059,453,156,357
2060,468,156,357
2061,483,156,357
2062,357,156,357
2063,487,156,445
2064,440,156,440
2065,499,156,542
2066,496,156,357
2067,369,156,369
2068,521,156,542
2069,445,156,445
2070,529,156,497
2071,542,156,542
2072,552,156,552
2073,569,156,512
2074,564,156,564
2075,573,156,497
2076,512,156,512
2077,602,156,497
2078,604,156,497
2079,633,156,497
2080,636,156,497
2081,635,156,635
2082,680,156,635
2083,671,156,671
2084,690,156,671
2085,717,156,671
2086,722,156,735
2087,744,156,497
2088,735,156,735
2089,809,156,809
2090,828,156,809
2091,872,156,1010
2092,901,156,1010
2093,899,156,497
2094,794,156,794
2095,920,156,497
2096,927,156,497
2097,953,156,497
2098,497,156,497
2099,951,156,1010
2100,955,156,497
2101,981,156,794
2102,985,156,1010
2103,1010,156,1010
2104,1072,156,1072
2105,1106,156,1072
2106,15,157,65
2107,47,157,65
2108,49,157,65
2109,70,157,65
2110,53,157,53
2111,79,157,53
2112,65,157,65
2113,108,157,119
2114,115,157,119
2115,95,157,95
2116,137,157,137
2117,155,157,137
2118,119,157,119
2119,156,157,156
2120,170,157,119
2121,181,157,181
2122,209,157,209
2123,239,157,209
2124,251,157,233
2125,233,157,233
2126,375,157,382
2127,368,157,382
2128,218,157,218
2129,382,157,382
2130,467,157,467
2131,503,157,503
2132,517,157,467
2133,584,157,580
2134,580,157,580
2135,428,157,428
2136,627,157,589
2137,607,157,607
2138,589,157,589
2139,670,157,607
2140,771,157,817
2141,817,157,817
2142,871,157,817
2143,56,158,18
2144,69,158,18
2145,96,158,18
2146,97,158,18
2147,109,158,18
2148,165,158,18
2149,187,158,18
2150,203,158,172
2151,229,158,18
2152,172,158,172
2153,269,158,18
2154,348,158,18
2155,366,158,366
2156,410,158,18
2157,408,158,18
2158,422,158,18
2159,425,158,366
2160,429,158,18
2161,302,158,302
2162,456,158,430
2163,433,158,366
2164,444,158,444
2165,316,158,316
2166,470,158,366
2167,502,158,18
2168,505,158,430
2169,430,158,430
2170,574,158,430
2171,583,158,18
2172,585,158,430
2173,603,158,18
2174,608,158,18
2175,629,158,18
2176,643,158,18
2177,661,158,18
2178,685,158,18
2179,745,158,18
2180,743,158,727
2181,758,158,18
2182,780,158,18
2183,810,158,727
2184,818,158,727
2185,803,158,803
2186,836,158,803
2187,727,158,727
2188,913,158,727
2189,918,158,18
2190,914,158,727
2191,926,158,727
2192,928,158,727
2193,944,158,944
2194,990,158,18
2195,18,158,18
2196,1011,158,18
2197,1016,158,18
2198,1019,158,18
2199,1031,158,18
2200,16,159,180
2201,73,159,73
2202,1,159,1
2203,94,159,73
2204,148,159,148
2205,208,159,180
2206,180,159,180
2207,324,159,188
2208,495,159,188
2209,509,159,188
2210,510,159,188
2211,560,159,188
2212,562,159,562
2213,601,159,550
2214,617,159,669
2215,599,159,599
2216,620,159,669
2217,628,159,669
2218,630,159,651
2219,634,159,651
2220,637,159,651
2221,642,159,669
2222,652,159,651
2223,650,159,651
2224,662,159,708
2225,651,159,651
2226,728,159,759
2227,669,159,669
2228,708,159,708
2229,716,159,716
2230,753,159,759
2231,779,159,734
2232,734,159,734
2233,751,159,751
2234,781,159,781
2235,752,159,752
2236,798,159,550
2237,799,159,808
2238,826,159,808
2239,808,159,808
2240,856,159,550
2241,860,159,550
2242,861,159,550
2243,868,159,550
2244,851,159,851
2245,890,159,550
2246,863,159,863
2247,837,159,837
2248,910,159,550
2249,911,159,919
2250,898,159,759
2251,912,159,759
2252,919,159,919
2253,932,159,759
2254,759,159,759
2255,940,159,550
2256,941,159,550
2257,945,159,188
2258,950,159,759
2259,954,159,759
2260,956,159,759
2261,958,159,958
2262,550,159,550
2263,971,159,550
2264,983,159,550
2265,992,159,550
2266,1015,159,188
2267,1034,159,188
2268,1037,159,188
2269,1039,159,1039
2270,1052,159,188
2271,1075,159,1070
2272,1070,159,1070
2273,1085,159,1070
2274,1090,159,188
2275,188,159,188
2276,1119,159,1145
2277,1136,159,1145
2278,1146,159,1145
2279,1152,159,1145
2280,1161,159,1145
2281,1175,159,1145
2282,1145,159,1145
2283,1197,159,1145
2284,1195,159,1210
2285,1201,159,1194
2286,1194,159,1194
2287,1235,159,1194
2288,1210,159,1210
2289,4466,16,4437
2290,4488,16,4474
2291,4497,16,4474
2292,4505,16,4437
2293,4437,16,4437
2294,4549,16,4474
2295,4563,16,4567
2296,4578,16,4624
2297,4584,16,4624
2298,4567,16,4567
2299,4611,16,4474
2300,4474,16,4474
2301,4631,16,4624
2302,4624,16,4624
2303,35,160,35
2304,167,160,167
2305,157,160,157
2306,198,160,189
2307,189,160,189
2308,242,160,189
2309,259,160,204
2310,204,160,204
2311,417,160,199
2312,446,160,199
2313,515,160,199
2314,663,160,567
2315,686,160,199
2316,709,160,199
2317,199,160,199
2318,737,160,199
2319,567,160,567
2320,1073,160,567
2321,1094,160,567
2322,1132,160,567
2323,8,161,46
2324,12,161,46
2325,50,161,50
2326,46,161,46
2327,76,161,46
2328,88,161,88
2329,125,161,125
2330,14,161,14
2331,190,161,274
2332,164,161,164
2333,205,161,230
2334,224,161,211
2335,211,161,211
2336,227,161,274
2337,232,161,14
2338,236,161,274
2339,249,161,274
2340,274,161,274
2341,282,161,274
2342,292,161,230
2343,281,161,281
2344,293,161,279
2345,301,161,281
2346,307,161,230
2347,300,161,288
2348,309,161,279
2349,288,161,288
2350,317,161,99
2351,320,161,99
2352,279,161,279
2353,330,161,279
2354,352,161,279
2355,374,161,279
2356,405,161,312
2357,399,161,450
2358,99,161,99
2359,312,161,312
2360,435,161,312
2361,414,161,450
2362,442,161,312
2363,450,161,450
2364,516,161,516
2365,230,161,230
2366,594,161,230
2367,571,161,571
2368,615,161,571
2369,623,161,571
2370,639,161,559
2371,664,161,559
2372,644,161,644
2373,677,161,677
2374,699,161,677
2375,712,161,559
2376,559,161,559
2377,721,161,721
2378,757,161,721
2379,762,161,721
2380,768,161,721
2381,37,162,40
2382,42,162,40
2383,44,162,44
2384,55,162,63
2385,54,162,44
2386,59,162,63
2387,68,162,44
2388,78,162,44
2389,72,162,44
2390,63,162,63
2391,192,162,40
2392,214,162,40
2393,219,162,40
2394,326,162,40
2395,347,162,347
2396,40,162,40
2397,466,162,466
2398,598,162,120
2399,665,162,120
2400,645,162,645
2401,706,162,645
2402,120,162,120
2403,747,162,120
2404,760,162,120
2405,767,162,120
2406,1028,162,120
2407,33,163,34
2408,38,163,36
2409,45,163,71
2410,52,163,71
2411,28,163,28
2412,62,163,71
2413,92,163,30
2414,34,163,34
2415,30,163,30
2416,116,163,116
2417,144,163,144
2418,141,163,141
2419,36,163,36
2420,206,163,36
2421,71,163,71
2422,231,163,71
2423,246,163,71
2424,173,163,173
2425,32,163,32
2426,264,163,264
2427,283,163,283
2428,174,163,174
2429,398,163,398
2430,243,163,243
2431,409,163,409
2432,527,163,409
2433,473,163,473
2434,244,163,244
2435,534,163,534
2436,638,163,534
2437,622,163,622
2438,289,163,289
2439,6,164,9
2440,10,164,10
2441,89,164,13
2442,117,164,13
2443,123,164,13
2444,133,164,9
2445,161,164,9
2446,169,164,9
2447,182,164,13
2448,178,164,178
2449,13,164,13
2450,196,164,13
2451,9,164,9
2452,22,165,22
2453,197,165,202
2454,202,165,202
2455,290,165,25
2456,454,165,421
2457,421,165,421
2458,25,165,25
2459,484,165,421
2460,519,165,591
2461,485,165,485
2462,557,165,557
2463,591,165,591
2464,653,165,591
2465,17,166,20
2466,19,166,20
2467,48,166,20
2468,66,166,20
2469,61,166,20
2470,67,166,20
2471,77,166,20
2472,80,166,20
2473,84,166,20
2474,20,166,20
2475,86,166,107
2476,81,166,57
2477,91,166,107
2478,21,166,21
2479,98,166,107
2480,106,166,107
2481,110,166,107
2482,114,166,107
2483,107,166,107
2484,118,166,107
2485,129,166,138
2486,138,166,138
2487,151,166,138
2488,152,166,138
2489,24,166,24
2490,166,166,138
2491,185,166,185
2492,221,166,221
2493,200,166,200
2494,341,166,349
2495,318,166,318
2496,349,166,349
2497,386,166,318
2498,333,166,333
2499,457,166,333
2500,57,166,57
2501,498,166,333
2502,370,166,370
2503,511,166,333
2504,540,166,333
2505,556,166,333
2506,827,166,333
2507,74,167,2
2508,93,167,2
2509,2,167,2
2510,112,167,2
2511,276,167,842
2512,280,167,842
2513,284,167,842
2514,294,167,842
2515,332,167,842
2516,339,167,842
2517,508,167,536
2518,551,167,536
2519,738,167,756
2520,763,167,763
2521,775,167,536
2522,536,167,536
2523,756,167,756
2524,814,167,802
2525,825,167,802
2526,788,167,788
2527,835,167,788
2528,843,167,842
2529,842,167,842
2530,786,167,786
2531,857,167,842
2532,869,167,802
2533,802,167,802
2534,862,167,862
2535,879,167,879
2536,866,167,866
2537,923,167,923
2538,939,167,866
2539,942,167,842
2540,936,167,936
2541,1660,167,1660
2542,1604,167,1604
2543,1757,167,1727
2544,1727,167,1727
2545,1785,167,1727
2546,1793,167,1807
2547,1862,167,1807
2548,1870,167,1807
2549,1920,167,1807
2550,1936,167,1807
2551,1919,167,1807
2552,1946,167,1807
2553,1954,167,1807
2554,1807,167,1807
2555,2047,167,1807
2556,2048,167,2048
2557,2133,167,2133
2558,2368,167,2149
2559,2421,167,2421
2560,2469,167,2469
2561,2494,167,2421
2562,2149,167,2149
2563,3454,167,2149
2564,3518,167,2149
2565,3525,167,2149
2566,401,168,401
2567,538,168,538
2568,561,168,538
2569,659,168,568
2570,649,168,568
2571,668,168,568
2572,846,168,568
2573,949,168,568
2574,1074,168,1060
2575,1082,168,1060
2576,1060,168,1060
2577,1264,168,1264
2578,1293,168,1264
2579,1324,168,1324
2580,1355,168,1324
2581,1351,168,1324
2582,1369,168,1324
2583,1475,168,568
2584,1483,168,1477
2585,1491,168,1477
2586,1496,168,1477
2587,1477,168,1477
2588,1503,168,1503
2589,1515,168,1477
2590,568,168,568
2591,1611,168,1601
2592,1601,168,1601
2593,1913,168,1930
2594,1930,168,1930
2595,2151,168,1930
2596,11,169,29
2597,27,169,29
2598,87,169,29
2599,29,169,29
2600,223,169,31
2601,241,169,210
2602,262,169,31
2603,210,169,210
2604,313,169,31
2605,416,169,416
2606,448,169,31
2607,449,169,416
2608,461,169,416
2609,447,169,31
2610,464,169,416
2611,465,169,416
2612,472,169,31
2613,460,169,31
2614,476,169,31
2615,31,169,31
2616,491,169,31
2617,471,169,471
2618,507,169,31
2619,514,169,31
2620,528,169,31
2621,531,169,31
2622,535,169,416
2623,543,169,31
2624,545,169,416
2625,549,169,416
2626,4530,17,4530
2627,4570,17,4582
2628,4613,17,4595
2629,4618,17,4595
2630,4582,17,4582
2631,4667,17,4595
2632,4670,17,4595
2633,4595,17,4595
2634,4677,17,4595
2635,4682,17,4595
2636,4684,17,4595
2637,4703,17,4703
2638,4786,17,4786
2639,355,170,367
2640,362,170,367
2641,367,170,367
2642,999,170,1049
2643,1018,170,1049
2644,1021,170,1049
2645,1024,170,1049
2646,1032,170,1049
2647,1049,170,1049
2648,1069,170,1069
2649,1098,170,1069
2650,1109,170,1101
2651,1114,170,1101
2652,1101,170,1101
2653,1128,170,1101
2654,1143,170,1101
2655,1164,170,1200
2656,1169,170,1200
2657,1200,170,1200
2658,1234,170,1240
2659,1239,170,1240
2660,1248,170,1240
2661,1255,170,1240
2662,1275,170,1292
2663,1240,170,1240
2664,1277,170,1240
2665,1283,170,1292
2666,1284,170,1240
2667,1290,170,1292
2668,1306,170,1310
2669,1303,170,1253
2670,1315,170,1292
2671,1292,170,1292
2672,1328,170,1292
2673,1310,170,1310
2674,1330,170,1310
2675,1338,170,1310
2676,1345,170,1368
2677,1350,170,1368
2678,1360,170,1368
2679,1368,170,1368
2680,1337,170,1337
2681,1253,170,1253
2682,1447,170,1443
2683,1500,170,1510
2684,1506,170,1510
2685,1494,170,1510
2686,1466,170,1466
2687,1501,170,1443
2688,1510,170,1510
2689,1443,170,1443
2690,1531,170,1531
2691,1549,170,1531
2692,1554,170,1531
2693,1555,170,1531
2694,1520,170,1520
2695,1560,170,1576
2696,1570,170,1576
2697,1568,170,1520
2698,1579,170,1520
2699,1575,170,1632
2700,1582,170,1632
2701,1634,170,1632
2702,1648,170,1632
2703,1657,170,1632
2704,1680,170,1632
2705,1696,170,1632
2706,1703,170,1632
2707,1750,170,1632
2708,1766,170,1766
2709,1846,170,1632
2710,1868,170,1632
2711,1911,170,1911
2712,1893,170,1893
2713,2010,170,2010
2714,2202,170,1576
2715,2206,170,1576
2716,1632,170,1632
2717,2285,170,1632
2718,2296,170,1632
2719,2299,170,1632
2720,2303,170,1632
2721,2307,170,1632
2722,2327,170,1576
2723,2360,170,1632
2724,2366,170,1632
2725,2365,170,1632
2726,1576,170,1576
2727,2435,170,2484
2728,2437,170,1576
2729,2445,170,2484
2730,2440,170,2452
2731,2442,170,2430
2732,2451,170,2484
2733,2452,170,2452
2734,2430,170,2430
2735,2474,170,2474
2736,2481,170,2481
2737,2493,170,2493
2738,2484,170,2484
2739,2514,170,2484
2740,2538,170,2493
2741,2547,170,2493
2742,482,171,891
2743,537,171,406
2744,406,171,406
2745,648,171,656
2746,679,171,656
2747,656,171,656
2748,689,171,656
2749,698,171,656
2750,739,171,742
2751,749,171,742
2752,748,171,793
2753,761,171,793
2754,742,171,742
2755,764,171,778
2756,769,171,793
2757,770,171,742
2758,777,171,778
2759,776,171,793
2760,793,171,793
2761,822,171,793
2762,778,171,778
2763,870,171,793
2764,845,171,845
2765,891,171,891
2766,965,171,891
2767,974,171,891
2768,976,171,891
2769,979,171,891
2770,986,171,891
2771,991,171,891
2772,996,171,891
2773,998,171,891
2774,1000,171,891
2775,1003,171,891
2776,1013,171,891
2777,1017,171,891
2778,1023,171,891
2779,1026,171,1134
2780,1059,171,1134
2781,1068,171,1134
2782,1115,171,1134
2783,1134,171,1134
2784,1262,171,1108
2785,1268,171,1108
2786,1291,171,1108
2787,1305,171,1321
2788,1316,171,1322
2789,1319,171,1321
2790,1323,171,1322
2791,1322,171,1322
2792,1321,171,1321
2793,1376,171,1376
2794,1495,171,1642
2795,1511,171,1540
2796,1530,171,1108
2797,1535,171,1108
2798,1540,171,1540
2799,1569,171,1565
2800,1565,171,1565
2801,1596,171,1565
2802,1600,171,1565
2803,1653,171,1641
2804,1635,171,1635
2805,1659,171,1659
2806,1641,171,1641
2807,1108,171,1108
2808,1662,171,1662
2809,1700,171,1642
2810,1664,171,1664
2811,1642,171,1642
2812,1726,171,1642
2813,1695,171,1695
2814,1782,171,1742
2815,1742,171,1742
2816,1859,171,1836
2817,1836,171,1836
2818,1888,171,1837
2819,1837,171,1837
2820,1390,172,1977
2821,1631,172,1631
2822,1746,172,1674
2823,1775,172,1674
2824,1789,172,1674
2825,2002,172,1977
2826,1977,172,1977
2827,2219,172,2219
2828,2233,172,2219
2829,2243,172,2243
2830,2247,172,1674
2831,2248,172,2243
2832,2251,172,2256
2833,2252,172,1674
2834,2256,172,2256
2835,2279,172,2256
2836,2293,172,1674
2837,2295,172,1674
2838,2302,172,1674
2839,1674,172,1674
2840,2306,172,1674
2841,2308,172,2320
2842,2312,172,2320
2843,2320,172,2320
2844,2305,172,2305
2845,2324,172,2324
2846,2364,172,2353
2847,2353,172,2353
2848,2369,172,2370
2849,2329,172,2329
2850,2370,172,2370
2851,2380,172,2400
2852,2398,172,2400
2853,2400,172,2400
2854,2424,172,2400
2855,2426,172,2400
2856,2411,172,2411
2857,2432,172,2411
2858,2441,172,2400
2859,2434,172,2434
2860,2453,172,2411
2861,2323,172,2323
2862,2468,172,2438
2863,2467,172,2438
2864,2438,172,2438
2865,821,173,726
2866,909,173,726
2867,988,173,726
2868,994,173,726
2869,1001,173,726
2870,1117,173,1117
2871,726,173,726
2872,1263,173,726
2873,1276,173,1276
2874,1502,173,1444
2875,1507,173,1444
2876,1489,173,1489
2877,1525,173,1444
2878,1633,173,1493
2879,1493,173,1493
2880,1663,173,1493
2881,1658,173,1658
2882,1744,173,1744
2883,1444,173,1444
2884,1935,173,1860
2885,1945,173,1860
2886,1953,173,1860
2887,1860,173,1860
2888,7,174,7
2889,5,174,5
2890,82,174,105
2891,75,174,75
2892,104,174,7
2893,90,174,113
2894,121,174,135
2895,124,174,135
2896,113,174,113
2897,131,174,135
2898,105,174,105
2899,150,174,163
2900,163,174,163
2901,177,174,177
2902,186,174,186
2903,265,174,4
2904,135,174,135
2905,321,174,256
2906,310,174,310
2907,329,174,256
2908,256,174,256
2909,327,174,327
2910,353,174,327
2911,360,174,327
2912,379,174,327
2913,400,174,327
2914,411,174,451
2915,415,174,451
2916,418,174,451
2917,426,174,451
2918,4,174,4
2919,451,174,451
2920,480,174,451
2921,494,174,419
2922,419,174,419
2923,130,175,3
2924,176,175,3
2925,328,175,3
2926,427,175,3
2927,3,175,3
2928,938,176,930
2929,930,176,930
2930,4673,18,4673
2931,4695,18,4520
2932,4700,18,4520
2933,4704,18,4520
2934,4707,18,4520
2935,4770,18,4520
2936,4779,18,4520
2937,4840,18,4520
2938,4846,18,4520
2939,4520,18,4520
2940,4882,18,4886
2941,4884,18,4886
2942,4885,18,4886
2943,4886,18,4886
2944,4221,19,4295
2945,4289,19,4295
2946,4295,19,4295
2947,4320,19,4320
2948,4348,19,4348
2949,4509,19,4524
2950,4510,19,4524
2951,4511,19,4524
2952,4517,19,4524
2953,4521,19,4518
2954,4518,19,4518
2955,4528,19,4524
2956,4533,19,4533
2957,4541,19,4524
2958,4547,19,4547
2959,4557,19,4534
2960,4534,19,4534
2961,4586,19,4524
2962,4600,19,4512
2963,4608,19,4512
2964,4664,19,4512
2965,4691,19,4693
2966,4689,19,4693
2967,4676,19,4676
2968,4693,19,4693
2969,4706,19,4693
2970,4686,19,4686
2971,4512,19,4512
2972,4714,19,4524
2973,4717,19,4524
2974,4712,19,4712
2975,4732,19,4712
2976,4731,19,4712
2977,4734,19,4738
2978,4739,19,4733
2979,4742,19,4733
2980,4745,19,4733
2981,4738,19,4738
2982,4754,19,4757
2983,4759,19,4524
2984,4762,19,4524
2985,4757,19,4757
2986,4733,19,4733
2987,4766,19,4766
2988,4781,19,4766
2989,4524,19,4524
2990,4773,19,4766
2991,4778,19,4778
2992,4791,19,4784
2993,4794,19,4784
2994,4784,19,4784
2995,4829,19,4834
2996,4832,19,4834
2997,4834,19,4834
2998,4839,19,4834
2999,4841,19,4841
3000,4776,19,4776
3001,4844,19,4844
3002,4848,19,4844
3003,4852,19,4852
3004,4809,2,4809
3005,4822,2,4809
3006,4877,2,4845
3007,4878,2,4845
3008,4845,2,4845
3009,4883,2,4845
3010,4216,20,4237
3011,4219,20,4237
3012,4226,20,4237
3013,4229,20,4237
3014,4247,20,4237
3015,4249,20,4237
3016,4252,20,4237
3017,4256,20,4237
3018,4262,20,4237
3019,4264,20,4237
3020,4271,20,4237
3021,4277,20,4237
3022,4237,20,4237
3023,4212,21,4197
3024,4214,21,4197
3025,4241,21,4197
3026,4361,21,4399
3027,4399,21,4399
3028,4413,21,4416
3029,4416,21,4416
3030,4423,21,4197
3031,4436,21,4427
3032,4427,21,4427
3033,4445,21,4197
3034,4453,21,4197
3035,4481,21,4481
3036,4197,21,4197
3037,4113,22,3941
3038,4158,22,4103
3039,4103,22,4103
3040,4200,22,4200
3041,4213,22,4213
3042,4231,22,3941
3043,4217,22,4217
3044,4240,22,4217
3045,4253,22,3941
3046,4294,22,3941
3047,4368,22,3941
3048,4384,22,3941
3049,4397,22,3941
3050,4393,22,3941
3051,4415,22,3941
3052,4447,22,3941
3053,4444,22,4435
3054,4450,22,3941
3055,4435,22,4435
3056,3941,22,3941
3057,4230,23,4286
3058,4235,23,4286
3059,4245,23,4286
3060,4243,23,4286
3061,4251,23,4286
3062,4258,23,4286
3063,4257,23,4286
3064,4274,23,4274
3065,4286,23,4286
3066,4326,23,4286
3067,4332,23,4331
3068,4372,23,4392
3069,4378,23,4392
3070,4382,23,4386
3071,4389,23,4392
3072,4385,23,4386
3073,4394,23,4386
3074,4398,23,4331
3075,4400,23,4392
3076,4401,23,4386
3077,4403,23,4386
3078,4404,23,4392
3079,4407,23,4390
3080,4406,23,4392
3081,4408,23,4392
3082,4390,23,4390
3083,4411,23,4392
3084,4386,23,4386
3085,4392,23,4392
3086,4418,23,4392
3087,4441,23,4441
3088,4448,23,4331
3089,4446,23,4446
3090,4454,23,4446
3091,4508,23,4508
3092,4507,23,4507
3093,4513,23,4331
3094,4515,23,4515
3095,4519,23,4519
3096,4556,23,4519
3097,4561,23,4331
3098,4590,23,4331
3099,4601,23,4609
3100,4609,23,4609
3101,4331,23,4331
3102,4663,23,4662
3103,4662,23,4662
3104,4668,23,4662
3105,4674,23,4674
3106,4690,23,4687
3107,4687,23,4687
3108,4694,23,4687
3109,4705,23,4687
3110,4701,23,4687
3111,4698,23,4698
3112,4727,23,4722
3113,4730,23,4722
3114,4736,23,4709
3115,4737,23,4722
3116,4740,23,4722
3117,4722,23,4722
3118,4709,23,4709
3119,4756,23,4722
3120,4758,23,4735
3121,4765,23,4769
3122,4768,23,4769
3123,4735,23,4735
3124,4777,23,4769
3125,4782,23,4735
3126,4783,23,4769
3127,4774,23,4774
3128,4769,23,4769
3129,4792,23,4769
3130,4795,23,4769
3131,4823,23,4804
3132,4835,23,4804
3133,4843,23,4843
3134,4804,23,4804
3135,4847,23,4843
3136,4246,24,4225
3137,4248,24,4225
3138,4250,24,4225
3139,4280,24,4225
3140,4287,24,4225
3141,4225,24,4225
3142,4313,24,4225
3143,4317,24,4225
3144,4343,24,4347
3145,4340,24,4347
3146,4347,24,4347
3147,4352,24,4352
3148,4370,24,4352
3149,4461,24,4383
3150,4467,24,4383
3151,4465,24,4465
3152,4468,24,4468
3153,4470,24,4470
3154,4476,24,4468
3155,4478,24,4470
3156,4471,24,4471
3157,4482,24,4471
3158,4486,24,4383
3159,4501,24,4471
3160,4383,24,4383
3161,4503,24,4471
3162,4499,24,4383
3163,4504,24,4383
3164,3977,25,3977
3165,4023,25,3994
3166,3952,25,3952
3167,3982,25,3982
3168,4209,25,4209
3169,3994,25,3994
3170,3959,26,3962
3171,3962,26,3962
3172,4033,26,4033
3173,4040,26,4040
3174,4052,26,4052
3175,4089,26,4154
3176,4096,26,4154
3177,4111,26,4115
3178,4119,26,4115
3179,4124,26,4115
3180,4128,26,4115
3181,4133,26,4133
3182,4139,26,4115
3183,4150,26,4153
3184,4153,26,4153
3185,4115,26,4115
3186,4161,26,4169
3187,4154,26,4154
3188,4169,26,4169
3189,4172,26,4169
3190,4167,26,4167
3191,4157,26,4157
3192,4173,26,4173
3193,4182,26,4178
3194,4174,26,4174
3195,4192,26,4178
3196,4195,26,4174
3197,4193,26,4174
3198,4196,26,4174
3199,4201,26,4178
3200,4202,26,4178
3201,4178,26,4178
3202,4175,26,4175
3203,4232,26,4175
3204,4236,26,4175
3205,4177,27,4177
3206,4187,27,4187
3207,4234,27,4244
3208,4227,27,4244
3209,4238,27,4244
3210,4242,27,4244
3211,4255,27,4244
3212,4244,27,4244
3213,4269,27,4181
3214,4270,27,4272
3215,4272,27,4272
3216,4285,27,4272
3217,4276,27,4244
3218,4223,27,4223
3219,4298,27,4325
3220,4305,27,4325
3221,4284,27,4284
3222,4323,27,4181
3223,4324,27,4181
3224,4328,27,4334
3225,4325,27,4325
3226,4338,27,4181
3227,4351,27,4181
3228,4334,27,4334
3229,4356,27,4181
3230,4354,27,4354
3231,4366,27,4376
3232,4181,27,4181
3233,4377,27,4181
3234,4380,27,4181
3235,4357,27,4357
3236,4381,27,4381
3237,4376,27,4376
3238,4405,27,4376
3239,4412,27,4367
3240,4402,27,4402
3241,4420,27,4402
3242,4367,27,4367
3243,4451,27,4367
3244,4532,27,4522
3245,4538,27,4522
3246,4522,27,4522
3247,4266,28,4297
3248,4265,28,4529
3249,4275,28,4281
3250,4292,28,4281
3251,4296,28,4297
3252,4281,28,4281
3253,4301,28,4297
3254,4302,28,4297
3255,4306,28,4297
3256,4304,28,4281
3257,4297,28,4297
3258,4311,28,4297
3259,4315,28,4297
3260,4318,28,4310
3261,4310,28,4310
3262,4322,28,4310
3263,4330,28,4341
3264,4333,28,4341
3265,4337,28,4341
3266,4339,28,4341
3267,4341,28,4341
3268,4345,28,4345
3269,4350,28,4350
3270,4375,28,4362
3271,4362,28,4362
3272,4387,28,4362
3273,4391,28,4396
3274,4388,28,4396
3275,4359,28,4359
3276,4396,28,4396
3277,4421,28,4359
3278,4369,28,4369
3279,4424,28,4359
3280,4426,28,4432
3281,4430,28,4432
3282,4438,28,4369
3283,4432,28,4432
3284,4442,28,4369
3285,4449,28,4369
3286,4529,28,4529
3287,4536,28,4529
3288,4531,28,4529
3289,4540,28,4529
3290,4543,28,4529
3291,4588,28,4585
3292,4592,28,4585
3293,4585,28,4585
3294,4593,28,4603
3295,4599,28,4617
3296,4596,28,4603
3297,4603,28,4603
3298,4607,28,4617
3299,4620,28,4603
3300,4617,28,4617
3301,4659,28,4617
3302,4064,29,4059
3303,4070,29,4059
3304,4059,29,4059
3305,4094,29,4006
3306,4098,29,4006
3307,4165,29,4006
3308,4001,29,4001
3309,4204,29,4208
3310,4006,29,4006
3311,4208,29,4208
3312,4316,29,4316
3313,4336,29,4316
3314,4327,29,4327
3315,4414,29,4417
3316,4417,29,4417
3317,4434,29,4417
3318,4655,3,4658
3319,4656,3,4658
3320,4658,3,4658
3321,4671,3,4669
3322,4669,3,4669
3323,4708,3,4669
3324,4713,3,4697
3325,4716,3,4669
3326,4697,3,4697
3327,4721,3,4669
3328,4785,3,4785
3329,4802,3,4785
3330,4807,3,4811
3331,4814,3,4814
3332,4820,3,4814
3333,4811,3,4811
3334,4824,3,4814
3335,4826,3,4811
3336,4831,3,4811
3337,4825,3,4811
3338,4833,3,4811
3339,4836,3,4811
3340,4837,3,4811
3341,4838,3,4811
3342,4842,3,4811
3343,4853,3,4850
3344,4850,3,4850
3345,4867,3,4865
3346,4865,3,4865
3347,4871,3,4865
3348,3886,30,3892
3349,3906,30,3892
3350,3976,30,4014
3351,3986,30,3892
3352,3988,30,3892
3353,3993,30,3892
3354,3892,30,3892
3355,3999,30,3892
3356,4012,30,3892
3357,4007,30,4014
3358,4014,30,4014
3359,4055,30,4055
3360,4148,30,4144
3361,4144,30,4144
3362,4346,30,4329
3363,4329,30,4329
3364,3928,30,3928
3365,4360,30,4360
3366,3676,31,3674
3367,3678,31,3674
3368,3681,31,3674
3369,3674,31,3674
3370,3877,31,3877
3371,3934,31,3935
3372,3932,31,3935
3373,3935,31,3935
3374,3937,31,3937
3375,4034,31,4034
3376,4062,31,4077
3377,4009,31,4009
3378,4074,31,3882
3379,4101,31,4077
3380,4117,31,4077
3381,4121,31,4077
3382,4077,31,4077
3383,4109,31,4109
3384,4136,31,4109
3385,4137,31,4109
3386,4129,31,4129
3387,4176,31,3882
3388,4179,31,3882
3389,4183,31,3882
3390,4184,31,3882
3391,4186,31,4191
3392,4190,31,3882
3393,4191,31,4191
3394,4199,31,4191
3395,4198,31,4191
3396,4207,31,4191
3397,3882,31,3882
3398,4290,31,4290
3399,4307,31,4290
3400,4299,31,4299
3401,4288,31,4288
3402,4363,31,4288
3403,4374,31,4374
3404,4422,31,4422
3405,4433,31,4422
3406,4544,31,4546
3407,4551,31,4575
3408,4552,31,4546
3409,4553,31,4575
3410,4560,31,4575
3411,4569,31,4546
3412,4571,31,4546
3413,4546,31,4546
3414,4576,31,4546
3415,4581,31,4546
3416,4574,31,4575
3417,4587,31,4587
3418,4612,31,4587
3419,4628,31,4575
3420,4575,31,4575
3421,4626,31,4626
3422,4657,31,4626
3423,4660,31,4626
3424,4661,31,4626
3425,4004,32,4004
3426,4028,32,4028
3427,3979,32,3979
3428,4058,32,3979
3429,4038,32,4038
3430,4068,32,3979
3431,4060,32,4060
3432,4082,32,4082
3433,4091,32,4082
3434,4063,32,4063
3435,4095,32,4095
3436,4140,32,4095
3437,4147,32,4095
3438,4166,32,3925
3439,4268,32,4278
3440,3925,32,3925
3441,4335,32,4278
3442,4278,32,4278
3443,3997,33,4185
3444,4049,33,4185
3445,4051,33,4185
3446,4104,33,4185
3447,4107,33,4185
3448,4120,33,4185
3449,4160,33,4185
3450,4180,33,4185
3451,4185,33,4185
3452,4260,33,4185
3453,4455,33,4452
3454,4452,33,4452
3455,3992,34,4146
3456,4083,34,4146
3457,4086,34,4146
3458,4108,34,4146
3459,4116,34,4146
3460,4143,34,4146
3461,4145,34,4146
3462,4146,34,4146
3463,4163,34,4163
3464,4205,34,4211
3465,4211,34,4211
3466,4224,34,4224
3467,4291,34,4309
3468,4293,34,4282
3469,4303,34,4309
3470,4282,34,4282
3471,4309,34,4309
3472,4312,34,4312
3473,4342,34,4312
3474,4373,34,4410
3475,4379,34,4312
3476,4410,34,4410
3477,4425,34,4410
3478,4431,34,4410
3479,4429,34,4410
3480,4443,34,4410
3481,4456,34,4419
3482,4419,34,4419
3483,4619,34,4627
3484,4627,34,4627
3485,3944,35,3991
3486,3964,35,3991
3487,3966,35,3960
3488,3968,35,3991
3489,3975,35,3991
3490,3981,35,3991
3491,3983,35,3991
3492,3995,35,3991
3493,3970,35,3970
3494,4013,35,4054
3495,4016,35,4054
3496,4018,35,4054
3497,4020,35,4054
3498,4022,35,4054
3499,4026,35,4054
3500,4025,35,3991
3501,4027,35,3991
3502,4029,35,4054
3503,4031,35,4054
3504,4030,35,3991
3505,4037,35,3991
3506,4041,35,3991
3507,4039,35,4054
3508,4044,35,3991
3509,4047,35,4054
3510,4053,35,4054
3511,4057,35,3991
3512,3991,35,3991
3513,4073,35,3991
3514,4067,35,4067
3515,4054,35,4054
3516,4142,35,4142
3517,4168,35,4168
3518,4308,35,3960
3519,3960,35,3960
3520,4457,35,4457
3521,4189,36,4188
3522,4194,36,4188
3523,4206,36,4188
3524,4203,36,4188
3525,4188,36,4188
3526,4210,36,4188
3527,4218,36,4188
3528,4220,36,4188
3529,4228,36,4188
3530,4222,36,4188
3531,4233,36,4188
3532,4239,36,4215
3533,4254,36,4188
3534,4215,36,4215
3535,4261,36,4215
3536,4273,36,4267
3537,4279,36,4267
3538,4267,36,4267
3539,4283,36,4283
3540,4008,37,4011
3541,3916,37,3916
3542,4024,37,4024
3543,4042,37,4024
3544,4045,37,4024
3545,4134,37,4011
3546,4141,37,4141
3547,4149,37,4011
3548,4011,37,4011
3549,3947,38,3954
3550,3987,38,3987
3551,3954,38,3954
3552,4050,38,4050
3553,3967,38,3967
3554,3599,39,3809
3555,3600,39,3809
3556,3792,39,3809
3557,3890,39,3894
3558,3894,39,3894
3559,3924,39,3924
3560,3936,39,3809
3561,3939,39,3809
3562,3946,39,3961
3563,3949,39,3961
3564,3951,39,3961
3565,3956,39,3961
3566,3961,39,3961
3567,3972,39,3961
3568,4032,39,4036
3569,4036,39,4036
3570,4071,39,4036
3571,3809,39,3809
3572,4079,39,3809
3573,4080,39,3809
3574,4085,39,3809
3575,4087,39,4100
3576,4021,39,4021
3577,4090,39,4100
3578,4092,39,4100
3579,4099,39,4100
3580,4102,39,4105
3581,4110,39,4100
3582,4112,39,4100
3583,4118,39,4100
3584,4122,39,4100
3585,4105,39,4105
3586,4100,39,4100
3587,4130,39,4100
3588,4125,39,4100
3589,4135,39,4100
3590,4155,39,4105
3591,4156,39,4105
3592,4171,39,4171
3593,4719,4,4719
3594,4746,4,4715
3595,4749,4,4715
3596,4753,4,4715
3597,4715,4,4715
3598,4741,4,4741
3599,4761,4,4715
3600,4763,4,4775
3601,4767,4,4775
3602,4775,4,4775
3603,4771,4,4771
3604,4789,4,4771
3605,4790,4,4771
3606,4793,4,4771
3607,4808,4,4800
3608,4818,4,4800
3609,4819,4,4800
3610,4821,4,4800
3611,4827,4,4800
3612,4800,4,4800
3613,3950,40,3910
3614,3955,40,3958
3615,3957,40,3958
3616,3958,40,3958
3617,3910,40,3910
3618,3963,40,3963
3619,3971,40,3963
3620,3990,40,3990
3621,4035,40,4035
3622,4043,40,3990
3623,4078,40,4097
3624,4046,40,4046
3625,4093,40,4046
3626,4114,40,4097
3627,4123,40,4097
3628,4097,40,4097
3629,4126,40,4097
3630,4127,40,4097
3631,4106,40,4106
3632,4131,40,4097
3633,4132,40,4097
3634,4138,40,4106
3635,4151,40,4106
3636,4152,40,3880
3637,4159,40,3880
3638,4164,40,4170
3639,4162,40,3880
3640,3880,40,3880
3641,4170,40,4170
3642,4259,40,4170
3643,4263,40,4170
3644,3887,41,3887
3645,3692,42,3695
3646,3763,42,3695
3647,3695,42,3695
3648,3930,42,3930
3649,3942,42,3942
3650,3642,43,3683
3651,3685,43,3683
3652,3714,43,3714
3653,3753,43,3803
3654,3755,43,3803
3655,3757,43,3759
3656,3759,43,3759
3657,3765,43,3765
3658,3774,43,3765
3659,3802,43,3804
3660,3803,43,3803
3661,3823,43,3823
3662,3857,43,3857
3663,3896,43,3804
3664,3912,43,3912
3665,3909,43,3909
3666,3683,43,3683
3667,3804,43,3804
3668,4072,43,3909
3669,4321,43,4321
3670,3770,44,3770
3671,3807,44,3789
3672,3829,44,3789
3673,3875,44,3789
3674,3789,44,3789
3675,3922,44,3922
3676,3927,44,3922
3677,3543,45,3543
3678,3580,45,3585
3679,3665,45,3665
3680,3668,45,3668
3681,3688,45,3585
3682,3716,45,3585
3683,3726,45,3672
3684,3724,45,3585
3685,3768,45,3672
3686,3771,45,3771
3687,3786,45,3672
3688,3782,45,3782
3689,3585,45,3585
3690,3797,45,3797
3691,3813,45,3672
3692,3828,45,3828
3693,3832,45,3832
3694,3837,45,3672
3695,3839,45,3832
3696,3672,45,3672
3697,3841,45,3838
3698,3843,45,3838
3699,3856,45,3838
3700,3852,45,3852
3701,3838,45,3838
3702,3863,45,3849
3703,3869,45,3849
3704,3868,45,3849
3705,3849,45,3849
3706,3913,45,3913
3707,3917,45,3917
3708,3965,45,3917
3709,3974,45,3917
3710,3980,45,3917
3711,3900,46,3862
3712,4048,46,4048
3713,4056,46,4048
3714,4065,46,3862
3715,4076,46,3862
3716,4084,46,3862
3717,4088,46,3862
3718,3862,46,3862
3719,3675,47,3680
3720,3662,47,3662
3721,3679,47,3680
3722,3680,47,3680
3723,3689,47,3680
3724,3690,47,3680
3725,3851,47,3851
3726,3825,47,3825
3727,3888,47,3888
3728,3602,48,3602
3729,3669,49,3671
3730,3671,49,3671
3731,3691,49,3691
3732,3686,49,3686
3733,3717,49,3717
3734,3735,49,3671
3735,3687,49,3687
3736,3818,49,3836
3737,3835,49,3836
3738,3836,49,3836
3739,3846,49,3846
3740,3859,49,3847
3741,3861,49,3864
3742,3867,49,3864
3743,3870,49,3864
3744,3864,49,3864
3745,3866,49,3866
3746,3897,49,3897
3747,3914,49,3914
3748,3918,49,3914
3749,3921,49,3921
3750,3847,49,3847
3751,3945,49,3847
3752,3985,49,3923
3753,3996,49,3923
3754,3998,49,3923
3755,4002,49,3923
3756,3923,49,3923
3757,4477,5,4489
3758,4480,5,4489
3759,4483,5,4489
3760,4484,5,4489
3761,4492,5,4489
3762,4494,5,4489
3763,4498,5,4489
3764,4489,5,4489
3765,4550,5,4489
3766,4559,5,4489
3767,4565,5,4489
3768,4598,5,4652
3769,4623,5,4652
3770,4616,5,4652
3771,4629,5,4652
3772,4634,5,4652
3773,4633,5,4652
3774,4638,5,4652
3775,4643,5,4652
3776,4641,5,4652
3777,4649,5,4652
3778,4652,5,4652
3779,4688,5,4699
3780,4699,5,4699
3781,4851,5,4699
3782,3819,50,3822
3783,3830,50,3826
3784,3826,50,3826
3785,3822,50,3822
3786,3879,50,3879
3787,3833,50,3833
3788,3884,50,3884
3789,4061,50,3885
3790,4066,50,3885
3791,4069,50,3885
3792,4081,50,3885
3793,3885,50,3885
3794,3598,51,3723
3795,3723,51,3723
3796,3762,51,3762
3797,3766,51,3762
3798,3773,51,3762
3799,3788,51,3762
3800,3790,51,3762
3801,3805,51,3808
3802,3842,51,3758
3803,3844,51,3758
3804,3855,51,3808
3805,3854,51,3808
3806,3860,51,3808
3807,3901,51,3901
3808,3808,51,3808
3809,3931,51,3931
3810,3948,51,3948
3811,3758,51,3758
3812,3969,51,3948
3813,3984,51,3989
3814,3989,51,3989
3815,4000,51,3989
3816,4003,51,3989
3817,4010,51,3989
3818,4015,51,3989
3819,4017,51,3989
3820,4019,51,3989
3821,3640,52,3684
3822,3718,52,3718
3823,3779,52,3784
3824,3780,52,3784
3825,3783,52,3784
3826,3784,52,3784
3827,3902,52,3784
3828,3904,52,3908
3829,3905,52,3908
3830,3907,52,3908
3831,3903,52,3903
3832,3908,52,3908
3833,3919,52,3919
3834,3926,52,3919
3835,3953,52,3891
3836,3891,52,3891
3837,3684,52,3684
3838,3445,53,3445
3839,3542,53,3570
3840,3549,53,3570
3841,3570,53,3570
3842,3578,53,3578
3843,3596,53,3596
3844,3622,53,3596
3845,3646,53,3596
3846,3667,53,3596
3847,3673,53,3673
3848,3693,53,3696
3849,3694,53,3696
3850,3696,53,3696
3851,3728,53,3730
3852,3729,53,3730
3853,3730,53,3730
3854,3744,53,3744
3855,3751,53,3744
3856,3764,53,3769
3857,3767,53,3769
3858,3769,53,3769
3859,3785,53,3775
3860,3775,53,3775
3861,3791,53,3791
3862,3795,53,3791
3863,3798,53,3801
3864,3800,53,3801
3865,3801,53,3801
3866,3806,53,3801
3867,3810,53,3812
3868,3811,53,3812
3869,3812,53,3812
3870,3638,54,3638
3871,3702,54,3702
3872,3722,54,3722
3873,3760,54,3468
3874,3468,54,3468
3875,3410,55,3410
3876,3591,55,3410
3877,3592,55,3410
3878,3601,55,3410
3879,3610,55,3663
3880,3614,55,3663
3881,3618,55,3410
3882,3653,55,3410
3883,3658,55,3410
3884,3661,55,3663
3885,3666,55,3410
3886,3698,55,3700
3887,3705,55,3705
3888,3708,55,3705
3889,3715,55,3410
3890,3663,55,3663
3891,3752,55,3663
3892,3756,55,3663
3893,3700,55,3700
3894,3787,55,3700
3895,3781,55,3781
3896,3793,55,3793
3897,3347,56,3484
3898,3353,56,3484
3899,3432,56,3484
3900,3436,56,3484
3901,3441,56,3484
3902,3516,56,3484
3903,3534,56,3484
3904,3537,56,3484
3905,3606,56,3612
3906,3608,56,3612
3907,3612,56,3612
3908,3484,56,3484
3909,3677,56,3484
3910,3682,56,3623
3911,3720,56,3623
3912,3746,56,3746
3913,3748,56,3746
3914,3824,56,3623
3915,3889,56,3623
3916,3881,56,3881
3917,3893,56,3623
3918,3623,56,3623
3919,3895,56,3898
3920,3898,56,3898
3921,3933,56,3933
3922,3940,56,3933
3923,3938,56,3933
3924,3943,56,3933
3925,3202,57,3201
3926,3205,57,3210
3927,3209,57,3210
3928,3207,57,3210
3929,3210,57,3210
3930,3197,57,3197
3931,3239,57,3248
3932,3245,57,3248
3933,3201,57,3201
3934,3248,57,3248
3935,3263,57,3248
3936,3449,57,3449
3937,3527,57,3447
3938,3529,57,3447
3939,3571,57,3447
3940,3573,57,3573
3941,3607,57,3634
3942,3609,57,3447
3943,3611,57,3634
3944,3615,57,3634
3945,3617,57,3634
3946,3634,57,3634
3947,3721,57,3447
3948,3747,57,3747
3949,3447,57,3447
3950,3433,58,3644
3951,3576,58,3660
3952,3605,58,3660
3953,3604,58,3604
3954,3616,58,3616
3955,3624,58,3616
3956,3630,58,3616
3957,3635,58,3616
3958,3639,58,3616
3959,3647,58,3616
3960,3648,58,3616
3961,3651,58,3616
3962,3652,58,3616
3963,3655,58,3616
3964,3656,58,3616
3965,3657,58,3616
3966,3660,58,3660
3967,3704,58,3709
3968,3644,58,3644
3969,3709,58,3709
3970,3772,58,3772
3971,3814,58,3814
3972,3816,58,3814
3973,3817,58,3814
3974,3853,58,3850
3975,3850,58,3850
3976,4005,58,3850
3977,3110,59,3113
3978,3125,59,3113
3979,3113,59,3113
3980,3141,59,3113
3981,3144,59,3113
3982,3153,59,3113
3983,3173,59,3113
3984,3182,59,3262
3985,3191,59,3262
3986,3262,59,3262
3987,3272,59,3262
3988,3281,59,3262
3989,3309,59,3264
3990,3297,59,3297
3991,3388,59,3269
3992,3264,59,3264
3993,3427,59,3264
3994,3269,59,3269
3995,3457,59,3457
3996,3467,59,3467
3997,3459,59,3459
3998,3479,59,3479
3999,3501,59,3479
4000,3473,59,3473
4001,3505,59,3479
4002,3509,59,3509
4003,3521,59,3521
4004,3538,59,3538
4005,3548,59,3538
4006,3563,59,3538
4007,3628,59,3264
4008,3631,59,3264
4009,3645,59,3264
4010,4589,6,4591
4011,4591,6,4591
4012,4597,6,4591
4013,4637,6,4645
4014,4653,6,4645
4015,4680,6,4645
4016,4729,6,4645
4017,4755,6,4645
4018,4799,6,4645
4019,4803,6,4645
4020,4812,6,4645
4021,4645,6,4645
4022,3426,60,3426
4023,3453,60,3446
4024,3470,60,3446
4025,3474,60,3446
4026,3446,60,3446
4027,3582,60,3444
4028,3567,60,3567
4029,3444,60,3444
4030,3619,60,3621
4031,3597,60,3597
4032,3633,60,3633
4033,3643,60,3633
4034,3650,60,3670
4035,3654,60,3670
4036,3659,60,3670
4037,3664,60,3670
4038,3670,60,3670
4039,3719,60,3670
4040,3621,60,3621
4041,3743,60,3743
4042,3742,60,3742
4043,3754,60,3754
4044,3761,60,3754
4045,3223,61,3223
4046,3626,61,3575
4047,3727,61,3575
4048,3739,61,3575
4049,3740,61,3575
4050,3575,61,3575
4051,3411,62,3420
4052,3420,62,3420
4053,3526,62,3531
4054,3456,62,3456
4055,3531,62,3531
4056,3629,62,3629
4057,3641,62,3641
4058,2668,63,2551
4059,2673,63,2551
4060,2677,63,2551
4061,2769,63,2767
4062,2773,63,2767
4063,2767,63,2767
4064,2795,63,2767
4065,2868,63,2551
4066,2904,63,2551
4067,3087,63,3087
4068,3314,63,2551
4069,3319,63,3315
4070,3339,63,3351
4071,3351,63,3351
4072,3367,63,3315
4073,3366,63,3366
4074,3379,63,2551
4075,3384,63,3315
4076,3389,63,3315
4077,3315,63,3315
4078,3466,63,2551
4079,3472,63,2551
4080,2551,63,2551
4081,3502,63,2551
4082,3494,63,2551
4083,3162,64,3169
4084,3260,64,3275
4085,3169,64,3169
4086,3270,64,3275
4087,3268,64,3268
4088,3275,64,3275
4089,3288,64,3275
4090,3290,64,3298
4091,3318,64,3358
4092,3332,64,3358
4093,3335,64,3358
4094,3342,64,3358
4095,3346,64,3358
4096,3348,64,3358
4097,3352,64,3358
4098,3358,64,3358
4099,3380,64,3380
4100,3383,64,3383
4101,3403,64,3383
4102,3407,64,3383
4103,3471,64,3442
4104,3476,64,3442
4105,3478,64,3442
4106,3493,64,3442
4107,3498,64,3442
4108,3503,64,3442
4109,3536,64,3298
4110,3540,64,3298
4111,3546,64,3298
4112,3555,64,3298
4113,3550,64,3442
4114,3442,64,3442
4115,3577,64,3442
4116,3298,64,3298
4117,3697,64,3701
4118,3699,64,3701
4119,3703,64,3706
4120,3701,64,3701
4121,3707,64,3701
4122,3711,64,3706
4123,3725,64,3706
4124,3625,64,3625
4125,3706,64,3706
4126,3731,64,3706
4127,3733,64,3625
4128,3736,64,3625
4129,3737,64,3706
4130,3776,64,3777
4131,3799,64,3777
4132,3777,64,3777
4133,3815,64,3777
4134,3590,65,3586
4135,3637,65,3586
4136,3636,65,3586
4137,3586,65,3586
4138,3649,65,3649
4139,3333,66,3333
4140,3547,66,3464
4141,3554,66,3464
4142,3581,66,3320
4143,3587,66,3320
4144,3589,66,3320
4145,3320,66,3320
4146,3464,66,3464
4147,3710,66,3464
4148,3712,66,3464
4149,3713,66,3464
4150,2834,67,2846
4151,2905,67,2846
4152,2938,67,2938
4153,2933,67,2933
4154,2973,67,2973
4155,2997,67,2846
4156,2846,67,2846
4157,3010,67,3016
4158,3028,67,3016
4159,3107,67,3016
4160,3121,67,3016
4161,3126,67,3016
4162,3195,67,3196
4163,3208,67,3196
4164,3196,67,3196
4165,3225,67,3196
4166,3016,67,3016
4167,3130,68,3175
4168,3164,68,3175
4169,3185,68,3175
4170,3192,68,3175
4171,3175,68,3175
4172,3199,68,3175
4173,3212,68,3175
4174,3214,68,3216
4175,3220,68,3216
4176,3265,68,3265
4177,3276,68,3276
4178,3285,68,3216
4179,3286,68,3286
4180,3296,68,3286
4181,3308,68,3216
4182,3514,68,3216
4183,3519,68,3216
4184,3528,68,3524
4185,3530,68,3524
4186,3532,68,3216
4187,3524,68,3524
4188,3613,68,3216
4189,3627,68,3216
4190,3216,68,3216
4191,3732,68,3750
4192,3734,68,3750
4193,3738,68,3750
4194,3741,68,3750
4195,3745,68,3750
4196,3749,68,3750
4197,3750,68,3750
4198,2647,69,2719
4199,2704,69,2719
4200,2719,69,2719
4201,2752,69,2752
4202,2790,69,2766
4203,2786,69,2766
4204,2796,69,2766
4205,2810,69,2766
4206,2807,69,2807
4207,2815,69,2807
4208,2766,69,2766
4209,2854,69,2856
4210,2823,69,2823
4211,2881,69,2856
4212,2856,69,2856
4213,2897,69,2897
4214,4300,7,4300
4215,4344,7,4344
4216,4395,7,4344
4217,4475,7,4496
4218,4479,7,4496
4219,4485,7,4496
4220,4493,7,4496
4221,4495,7,4496
4222,4491,7,4491
4223,4365,7,4365
4224,4555,7,4496
4225,4573,7,4496
4226,4610,7,4496
4227,4642,7,4625
4228,4646,7,4625
4229,4650,7,4496
4230,4625,7,4625
4231,4654,7,4496
4232,4685,7,4496
4233,4496,7,4496
4234,4723,7,4496
4235,4728,7,4496
4236,1835,70,1776
4237,1776,70,1776
4238,2196,70,2196
4239,2203,70,2203
4240,2218,70,2218
4241,2242,70,2255
4242,2250,70,2255
4243,2286,70,2294
4244,2292,70,2255
4245,2294,70,2294
4246,2325,70,2255
4247,2328,70,2328
4248,2363,70,2255
4249,2387,70,2387
4250,2404,70,2387
4251,2418,70,2255
4252,2505,70,2505
4253,2667,70,2667
4254,2778,70,2255
4255,2794,70,2255
4256,2772,70,2772
4257,2819,70,2772
4258,2820,70,2772
4259,2724,70,2724
4260,2817,70,2817
4261,2855,70,2855
4262,2867,70,2874
4263,2863,70,2255
4264,2864,70,2255
4265,2874,70,2874
4266,2882,70,2255
4267,2255,70,2255
4268,2889,70,2255
4269,2883,70,2255
4270,2888,70,2888
4271,2968,70,2968
4272,3026,70,2968
4273,3027,70,2968
4274,3431,70,2968
4275,2583,71,2804
4276,2587,71,2804
4277,2911,71,2804
4278,2804,71,2804
4279,3101,72,3044
4280,3142,72,3044
4281,3271,72,3271
4282,3282,72,3271
4283,3375,72,3044
4284,3406,72,3406
4285,3409,72,3419
4286,3415,72,3419
4287,3414,72,3419
4288,3044,72,3044
4289,3419,72,3419
4290,3465,72,3461
4291,3461,72,3461
4292,3475,72,3461
4293,3492,72,3497
4294,3506,72,3497
4295,3497,72,3497
4296,3491,72,3491
4297,3099,73,3099
4298,2972,73,2972
4299,3114,73,3114
4300,3215,73,3114
4301,3224,73,3114
4302,3517,74,3523
4303,3544,74,3523
4304,3588,74,3523
4305,3594,74,3523
4306,3523,74,3523
4307,3213,75,3204
4308,3217,75,3204
4309,3556,75,3559
4310,3545,75,3559
4311,3559,75,3559
4312,3204,75,3204
4313,3794,75,3796
4314,3796,75,3796
4315,2901,76,2803
4316,2945,76,2945
4317,2803,76,2803
4318,3155,76,2861
4319,2861,76,2861
4320,2835,77,2835
4321,2943,77,2818
4322,2818,77,2818
4323,3052,77,3054
4324,3053,77,3054
4325,3054,77,3054
4326,3111,77,3091
4327,3143,77,3091
4328,3203,77,3178
4329,3234,77,3091
4330,3178,77,3178
4331,3219,77,3219
4332,3261,77,3219
4333,3273,77,3273
4334,3091,77,3091
4335,3458,77,3458
4336,3512,77,3512
4337,2875,78,2895
4338,2878,78,2895
4339,2879,78,2895
4340,2900,78,2910
4341,2908,78,2910
4342,2915,78,2910
4343,2895,78,2895
4344,2928,78,2895
4345,2934,78,2895
4346,2910,78,2910
4347,2946,78,2946
4348,2963,78,2965
4349,2944,78,2944
4350,3032,78,2965
4351,3051,78,2965
4352,3077,78,2965
4353,3117,78,3116
4354,3116,78,3116
4355,3156,78,2965
4356,3246,78,2965
4357,3254,78,2965
4358,2965,78,2965
4359,3560,78,3564
4360,3562,78,3564
4361,3568,78,3569
4362,3564,78,3564
4363,3569,78,3569
4364,3583,78,3574
4365,3574,78,3574
4366,3603,78,3603
4367,3620,78,3620
4368,3820,79,3827
4369,3821,79,3827
4370,3831,79,3831
4371,3827,79,3827
4372,3834,79,3831
4373,3840,79,3778
4374,3845,79,3778
4375,3778,79,3778
4376,3848,79,3778
4377,3858,79,3778
4378,3865,79,3778
4379,3871,79,3778
4380,3872,79,3899
4381,3873,79,3899
4382,3874,79,3899
4383,3876,79,3899
4384,3878,79,3899
4385,3883,79,3899
4386,3899,79,3899
4387,3911,79,3899
4388,3915,79,3899
4389,3920,79,3899
4390,4075,8,4428
4391,4428,8,4428
4392,4462,8,4462
4393,4469,8,4462
4394,4548,8,4548
4395,4577,8,4568
4396,4568,8,4568
4397,4583,8,4568
4398,4545,8,4545
4399,4614,8,4545
4400,4639,8,4635
4401,4644,8,4635
4402,4630,8,4630
4403,4647,8,4635
4404,4635,8,4635
4405,4636,8,4636
4406,3055,80,3006
4407,3059,80,3006
4408,3061,80,3006
4409,3006,80,3006
4410,3133,80,3103
4411,3193,80,3103
4412,3103,80,3103
4413,2841,81,2848
4414,2852,81,2848
4415,2848,81,2848
4416,2919,81,2884
4417,2921,81,2884
4418,2964,81,2884
4419,2884,81,2884
4420,2975,81,2884
4421,2999,81,2999
4422,3119,81,2824
4423,2824,81,2824
4424,3124,81,2824
4425,2969,82,2969
4426,2877,82,2877
4427,3011,82,3011
4428,2974,82,2974
4429,3082,82,2974
4430,3086,82,3079
4431,3089,82,3092
4432,3079,82,3079
4433,3092,82,3092
4434,3194,82,3186
4435,3206,82,3102
4436,3230,82,3186
4437,3233,82,3186
4438,3227,82,3186
4439,3102,82,3102
4440,3186,82,3186
4441,3067,83,3072
4442,3070,83,3072
4443,2970,83,2970
4444,3277,83,3072
4445,3280,83,3072
4446,3303,83,3072
4447,3306,83,3072
4448,3307,83,3072
4449,3331,83,3336
4450,3336,83,3336
4451,3072,83,3072
4452,2700,84,2707
4453,2779,84,2707
4454,2814,84,2707
4455,2920,84,2920
4456,3000,84,2707
4457,2707,84,2707
4458,3009,84,3009
4459,3004,84,3004
4460,3040,85,3040
4461,3066,85,3057
4462,3076,85,3057
4463,3033,85,3033
4464,3057,85,3057
4465,3160,85,3163
4466,3139,85,3139
4467,3163,85,3163
4468,3231,85,3231
4469,3304,85,3302
4470,3355,85,3040
4471,3328,85,3328
4472,3356,85,3356
4473,3417,85,3302
4474,3302,85,3302
4475,3425,85,3425
4476,3428,85,3428
4477,3437,85,3428
4478,3440,85,3425
4479,3455,85,3425
4480,3483,85,3371
4481,3490,85,3371
4482,3508,85,3371
4483,3371,85,3371
4484,3533,85,3533
4485,3552,85,3533
4486,3551,85,3551
4487,3539,85,3539
4488,2634,86,2661
4489,2641,86,2661
4490,2656,86,2661
4491,2661,86,2661
4492,2684,86,2783
4493,2688,86,2725
4494,2723,86,2725
4495,2725,86,2725
4496,2735,86,2735
4497,2760,86,2765
4498,2768,86,2783
4499,2765,86,2765
4500,2826,86,2849
4501,2838,86,2849
4502,2845,86,2849
4503,2849,86,2849
4504,2862,86,2849
4505,2871,86,2849
4506,2876,86,2849
4507,2880,86,2849
4508,2891,86,2849
4509,2918,86,2937
4510,2922,86,2783
4511,2923,86,2925
4512,2926,86,2937
4513,2925,86,2925
4514,2930,86,2937
4515,2929,86,2925
4516,2936,86,2925
4517,2937,86,2937
4518,2932,86,2932
4519,2980,86,2783
4520,2986,86,2783
4521,2783,86,2783
4522,2892,86,2892
4523,3088,86,2892
4524,3094,86,3094
4525,3149,86,3149
4526,3165,86,3165
4527,3190,86,3165
4528,3229,86,3105
4529,3240,86,3105
4530,3313,86,3105
4531,3357,86,2783
4532,3105,86,3105
4533,3382,86,3365
4534,3387,86,2783
4535,3393,86,3365
4536,3401,86,3365
4537,3365,86,3365
4538,3452,86,2783
4539,3482,86,2783
4540,3495,86,2783
4541,3499,86,2783
4542,3500,86,2783
4543,3507,86,2783
4544,3541,86,2783
4545,3561,86,2783
4546,3566,86,2783
4547,3572,86,2783
4548,3579,86,2783
4549,3584,86,2783
4550,3593,86,2783
4551,3595,86,2783
4552,3131,87,3120
4553,3134,87,3120
4554,3181,87,3189
4555,3211,87,3189
4556,3189,87,3189
4557,3242,87,3243
4558,3247,87,3222
4559,3253,87,3222
4560,3243,87,3243
4561,3222,87,3222
4562,3326,87,3222
4563,3343,87,3222
4564,3350,87,3222
4565,3370,87,3120
4566,3374,87,3120
4567,3376,87,3222
4568,3377,87,3120
4569,3392,87,3120
4570,3396,87,3120
4571,3398,87,3222
4572,3434,87,3120
4573,3120,87,3120
4574,2960,88,3058
4575,2994,88,3058
4576,2998,88,3058
4577,3003,88,3058
4578,3008,88,3058
4579,3015,88,3058
4580,3063,88,3058
4581,3065,88,3064
4582,3074,88,3074
4583,3078,88,3064
4584,3064,88,3064
4585,3090,88,3098
4586,3093,88,3098
4587,3096,88,3098
4588,3098,88,3098
4589,3109,88,3112
4590,3122,88,3129
4591,3058,88,3058
4592,3129,88,3129
4593,3135,88,3129
4594,3138,88,3129
4595,3188,88,3112
4596,3226,88,3354
4597,3250,88,3354
4598,3259,88,3354
4599,3187,88,3187
4600,3257,88,3257
4601,3283,88,3354
4602,3316,88,3354
4603,3330,88,3354
4604,3361,88,3354
4605,3362,88,3112
4606,3354,88,3354
4607,3378,88,3354
4608,3325,88,3325
4609,3390,88,3390
4610,3451,88,3112
4611,3424,88,3424
4612,3460,88,3390
4613,3477,88,3390
4614,3488,88,3463
4615,3463,88,3463
4616,3504,88,3463
4617,3510,88,3112
4618,3511,88,3112
4619,3520,88,3112
4620,3553,88,3112
4621,3565,88,3112
4622,3112,88,3112
4623,3029,89,3029
4624,3158,89,2917
4625,3166,89,2917
4626,3184,89,2917
4627,3200,89,2917
4628,3238,89,3238
4629,3279,89,2917
4630,3267,89,3267
4631,3287,89,3287
4632,3329,89,3337
4633,3338,89,3337
4634,3341,89,3337
4635,3295,89,3295
4636,3372,89,3381
4637,3345,89,3345
4638,3337,89,3337
4639,3405,89,3337
4640,2917,89,2917
4641,3381,89,3381
4642,3418,89,3423
4643,3399,89,3399
4644,3423,89,3423
4645,3489,89,3399
4646,3515,89,3399
4647,4801,9,4710
4648,4806,9,4817
4649,4815,9,4710
4650,4810,9,4817
4651,4816,9,4817
4652,4817,9,4817
4653,4710,9,4710
4654,3001,90,2966
4655,3038,90,2966
4656,3075,90,2966
4657,3104,90,3104
4658,3123,90,3118
4659,3118,90,3118
4660,3137,90,2966
4661,3097,90,3097
4662,3249,90,3148
4663,3252,90,2966
4664,3300,90,3148
4665,3311,90,3148
4666,3317,90,3148
4667,3349,90,3148
4668,3360,90,3148
4669,3386,90,3148
4670,3394,90,3148
4671,3397,90,3400
4672,3400,90,3400
4673,2966,90,2966
4674,3435,90,3422
4675,3422,90,3422
4676,3439,90,3422
4677,3443,90,3443
4678,3413,90,3413
4679,3148,90,3148
4680,3438,90,3438
4681,3557,90,2966
4682,2996,91,2996
4683,3025,91,3025
4684,3043,91,3043
4685,3073,91,3041
4686,3244,91,3041
4687,3041,91,3041
4688,3183,91,3183
4689,3321,91,3218
4690,3255,91,3255
4691,3218,91,3218
4692,3024,92,3024
4693,3030,92,3030
4694,3050,92,3050
4695,3115,92,3167
4696,3132,92,3132
4697,3108,92,3108
4698,3159,92,3167
4699,3152,92,3152
4700,3056,92,3056
4701,3167,92,3167
4702,3171,92,3132
4703,3221,92,3221
4704,3274,92,3274
4705,3322,92,3152
4706,3327,92,3152
4707,3334,92,3152
4708,3344,92,3152
4709,3364,92,3152
4710,3359,92,3359
4711,2571,93,2622
4712,2597,93,2622
4713,2622,93,2622
4714,2685,93,2685
4715,2642,93,2642
4716,2720,93,2685
4717,2761,93,2642
4718,2777,93,2642
4719,2853,93,2780
4720,2873,93,2916
4721,2893,93,2887
4722,2886,93,2916
4723,2896,93,2887
4724,2887,93,2887
4725,2912,93,2940
4726,2924,93,2940
4727,2931,93,2940
4728,2916,93,2916
4729,2939,93,2916
4730,2942,93,2940
4731,2903,93,2903
4732,2947,93,2903
4733,2940,93,2940
4734,2956,93,2956
4735,2780,93,2780
4736,2902,93,2902
4737,3007,93,3007
4738,3042,93,3042
4739,3049,93,3049
4740,2991,93,2991
4741,3157,93,3157
4742,3232,93,3232
4743,3258,93,3258
4744,3402,93,2971
4745,2971,93,2971
4746,3448,93,3430
4747,3450,93,3430
4748,3430,93,3430
4749,3496,93,3496
4750,2415,94,2419
4751,2462,94,2419
4752,2419,94,2419
4753,2513,94,2541
4754,2515,94,2541
4755,2526,94,2541
4756,2540,94,2541
4757,2543,94,2541
4758,2541,94,2541
4759,2554,94,2541
4760,2564,94,2541
4761,2709,94,2711
4762,2715,94,2711
4763,2716,94,2716
4764,2729,94,2716
4765,2742,94,2711
4766,2749,94,2711
4767,2785,94,2785
4768,2825,94,2785
4769,2833,94,2785
4770,2844,94,2785
4771,2850,94,2785
4772,2711,94,2711
4773,2976,94,2711
4774,2977,94,2711
4775,2978,94,2711
4776,3046,94,3046
4777,3048,94,3048
4778,3045,94,3045
4779,3083,94,3083
4780,3095,94,3095
4781,3145,94,3146
4782,3146,94,3146
4783,3340,95,3340
4784,3429,95,3198
4785,3522,95,3198
4786,3198,95,3198
4787,3513,95,3513
4788,3632,95,3198
4789,3039,96,2989
4790,3084,96,3021
4791,3128,96,3021
4792,2989,96,2989
4793,3177,96,3021
4794,3021,96,3021
4795,3404,96,3416
4796,3416,96,3416
4797,3481,96,3416
4798,3487,96,3416
4799,2213,97,2213
4800,2314,97,2262
4801,2319,97,2262
4802,2344,97,2262
4803,2342,97,2335
4804,2383,97,2392
4805,2335,97,2335
4806,2262,97,2262
4807,2407,97,2402
4808,2392,97,2392
4809,2459,97,2428
4810,2460,97,2592
4811,2465,97,2428
4812,2402,97,2402
4813,2508,97,2592
4814,2566,97,2544
4815,2544,97,2544
4816,2582,97,2586
4817,2585,97,2586
4818,2592,97,2592
4819,2586,97,2586
4820,2603,97,2592
4821,2611,97,2428
4822,2627,97,2428
4823,2568,97,2568
4824,2428,97,2428
4825,2672,97,2428
4826,2671,97,2671
4827,2663,97,2663
4828,2660,97,2660
4829,2686,97,2686
4830,2701,97,2701
4831,2708,97,2701
4832,2714,97,2701
4833,2718,97,2701
4834,2727,97,2728
4835,2730,97,2701
4836,2731,97,2728
4837,2740,97,2728
4838,2728,97,2728
4839,2746,97,2701
4840,2747,97,2592
4841,2756,97,2592
4842,2771,97,2592
4843,2872,97,2592
4844,2967,97,2592
4845,2987,97,2592
4846,3047,97,2592
4847,3161,97,2592
4848,3237,97,2728
4849,3266,97,2728
4850,3289,97,2728
4851,3324,97,2728
4852,3373,97,2728
4853,3469,97,2701
4854,3062,98,3069
4855,3071,98,3068
4856,3069,98,3069
4857,3081,98,3068
4858,3068,98,3068
4859,3080,98,3080
4860,3085,98,3085
4861,3100,98,3100
4862,3106,98,3106
4863,3140,98,3106
4864,2906,98,2906
4865,2950,99,2954
4866,3013,99,2954
4867,3147,99,2954
4868,3150,99,2954
4869,3151,99,2954
4870,3154,99,2954
4871,3172,99,3172
4872,2954,99,2954
4873,3235,99,3235
4874,3293,99,3312
4875,3299,99,3312
4876,3301,99,3312
4877,3305,99,3312
4878,3310,99,3312
4879,3323,99,3312
4880,3312,99,3312
4881,3385,99,3368
4882,3368,99,3368
4883,3391,99,3368
4884,3395,99,3368
4885,3412,99,3368
